#{"t_start": 1780150281.6363878, "env_id": "None"}
r,l,t,episode_energy,success,distance,episode_stall_energy,stall_energy_limit_reached
-801.22209,500,27.359967,0.07885495261549685,False,1.536134109498119,0.0,False
-571.637415,500,27.823054,0.10142157821405658,False,1.042475328235278,0.0,False
-571.583271,500,28.282363,0.033102932633419735,False,1.0706683078327404,0.0,False
-562.200859,500,56.980551,0.9142514566566438,False,1.1123497658009474,0.0,False
-78-724.658079,500,57.483736,0.3290246063870085,False,0.7995474892233501,0.0,Fals-1024.524691,500,57.813104,-3.8289017348566676,False,0.3332760430983704,0.0,False
-246.239227,500,87.276534,0.7526460325785288,False,0.47932990311186324,0.0,Fals-355.231844,500,87.517156,1.3321312236518321,False,0.6363295579772273,0.0,False
-309.848561,500,116.751952,0.7108939772354869,False,0.6301636504225361,0.0,False
-367.630338,500,117.271015,0.6148354597137183,False,0.8963912612014144,0.0,False
-469.48645,500,117.748638,0.880731319199307,False,0.6974809756595894,0.0,False
102.769295,154,146.177936,0.4087322908300101,True,0.04298088706461972,0.0,False
-247.24459,500,146.648244,0.4352664546866161,False,0.7180229768320029,0.0,False
59.139891,197,146.838532,0.6240986783050645,True,0.04891425887515323,0.0,False
-514.266453,500,178.956592,0.7698185705947039,False,0.722881148556201,0.0,False
-415.694195,500,179.458905,0.5801778323431065,False,0.7828938150529553,0.0,False
63.403853,189,179.647025,0.5282333512421962,True,0.04676203770372965,0.0,False
-182.589881,500,213.198634,0.615076824611605,False,0.10541000731463594,0.0,False
-391.794506,500,213.731626,0.6696956774969846,False,0.5212494065941192,0.0,False
-282.426938,500,214.251139,0.3094019996262153,False,0.5981547939837097,0.0,False
-288.295315,500,245.973028,0.6592219903884067,False,0.5025739817906474,0.0,False
-317.772325,500,246.505325,0.6955959607311869,False,0.4387000491578288,0.0,False
114.645911,116,274.696079,0.535935716255885,True,0.04587195625114585,0.0,False
-702.802819,500,275.235283,0.8570920226839754,False,1.2885557033850732,0.0,False
-245.882231,500,309.229963,0.6506384485990149,False,0.21070691682156906,0.0,False
-648.307987,500,309.857965,0.9717184539902534,False,1.233612505425496,0.0,False
-155.395726,500,310.405577,0.43676379113537456,False,0.2665262808075302,0.0,False
-549.051841,500,342.487444,1.6314793798972502,False,0.9074250122176046,0.0,False
-279.033644,500,343.003564,1.0440140710098635,False,0.44356097217868407,0.0,False
-126.875469,500,376.61281,0.37934540697954416,False,0.18802839868998622,0.0,False
-164.175705,500,377.140307,0.8553936935658849,False,0.14472954616221462,0.0,False
46.449236,352,377.503019,0.5264390192427483,True,0.04921928597804124,0.0,False
25.00012,345,408.943771,0.6095894860964408,True,0.049566682481697266,0.0,False
-572.060982,500,409.585774,0.9477110609859578,False,1.0841441046187485,0.0,False
-144.711669,500,410.116433,0.29578852973076597,False,0.20077593450067352,0.0,False
-315.191179,500,441.836183,1.1308945572115379,False,0.32118898869213225,0.0,False
-10.282299,255,442.090828,0.6802298372215364,True,0.049414484750380044,0.0,False
-428.243776,500,442.587671,1.3242879354103667,False,0.760345737877573,0.0,False
-287.729109,500,475.934506,1.024176693101146,False,0.38475425542298414,0.0,False
-707.267936,500,476.540012,-4.8455868434587055,False,0.6872254832036546,0.0,False
93.487693,125,476.681749,1.427268508413715,True,0.04812789133802434,0.0,False
-361.354087,500,509.837577,1.0333431264631763,False,0.4267586408812841,0.0,False
-343.416466,500,510.387931,1.0224977445111427,False,0.43587368068861776,0.0,False
-168.117483,500,541.84759,0.38574331875958856,False,0.215325222503921,0.0,False
-460.532861,500,542.654171,2.0503966506044615,False,0.7083603884993398,0.0,False
-163.045605,500,573.831863,0.4549863748380251,False,0.22205332317463453,0.0,False
80.31462,135,573.983313,1.4688495527608398,True,0.0480652903932858,0.0,False
-156.876429,500,574.421789,0.4723024141058152,False,0.19904677848714739,0.0,False
-133.724924,500,605.806876,0.3987547118503938,False,0.21345619499339796,0.0,False
132.015895,98,605.906368,0.6686109990898396,True,0.04348028293661763,0.0,False
-3.234365,316,606.215886,0.8574034103875154,True,0.04910098076166508,0.0,False
129.380595,104,635.841305,0.7464802063974488,True,0.04991123682449029,0.0,False
136.770686,93,635.935295,0.4199400698346125,True,0.04961038285423665,0.0,False
21.548875,303,636.234794,0.7638527841090956,True,0.04913770094008154,0.0,False
-156.477591,500,667.572755,0.5427177363150758,False,0.10140601384218428,0.0,False
-311.918646,500,668.116059,1.713156908415098,False,0.5023717179008055,0.0,False
75.052635,132,668.263369,1.5879165447719474,True,0.046655543068816606,0.0,False
-375.269117,356,668.687913,-1.2219535630598295,True,0.04930705846673679,0.0,False
79.965701,213,699.335332,0.42840029384428563,True,0.049104264638945606,0.0,False
100.912022,218,699.556573,0.4298737028076438,True,0.04963049963383398,0.0,False
82.795027,203,699.760757,0.42162798479893215,True,0.04922611036491768,0.0,False
41.285579,221,699.966469,1.8389028796232951,True,0.04974526739908965,0.0,False
-23.328142,238,730.643944,0.9473379528662081,True,0.049216926458790826,0.0,False
-229.915146,500,731.185774,1.9352223562997255,False,0.39621710583868336,0.0,False
-5.92271,291,768.850649,0.9405634700508231,True,0.04906520186063831,0.0,False
-271.011535,500,769.490037,0.9096286463283079,False,0.13552566478641523,0.0,False
46.056343,208,802.047679,0.6720742131226128,True,0.049566157456198884,0.0,False
-158.691314,500,802.665054,1.3489571053119014,False,0.28229442815398853,0.0,False
-544.56681,500,803.324108,3.449542539094117,False,0.6006614911589131,0.0,False
-591.264337,500,834.365076,-6.307088271260598,False,0.627506580612284,0.0,False
-370.486761,500,834.96895,2.2658042044353692,False,0.459287469305854,0.0,False
-422.260794,500,866.952561,2.8836837479903825,False,0.07701911524942207,0.0,False
-742.741822,500,867.590393,-1.4085035609190604,False,1.093059580907978,0.0,False
135.7908,78,867.694787,0.2687749409322776,True,0.047732006477288,0.0,False
127.685909,93,899.799136,0.4280659240024537,True,0.04939672812191697,0.0,False
-449.589602,500,900.405127,2.69080527175827,False,0.7368721772179022,0.0,False
21.896624,176,900.615424,0.8945542243350377,True,0.04939646236227941,0.0,False
27.379325,229,933.03594,0.8205894002690513,True,0.04825675984172662,0.0,False
-88.932998,500,933.649598,0.3031637401622135,False,0.14330293182706316,0.0,False
52.251022,239,965.556664,0.5394616122315982,True,0.04986355214364739,0.0,False
-430.465681,500,966.160853,2.730490048081162,False,0.5915234334824971,0.0,False
2.982681,191,998.520617,0.9179396975199616,True,0.04881844815434149,0.0,False
-156.397574,500,999.123212,2.349986329747645,False,0.1760937766697955,0.0,False
128.972502,108,1030.589678,0.3460973906606948,True,0.04864870437798388,0.0,False
58.912201,174,1030.798594,0.6838973313679249,True,0.04833987518210061,0.0,False
50.296732,236,1031.075206,0.7460098450558541,True,0.049009249028225205,0.0,False
-14.893086,270,1063.000989,1.307631649795565,True,0.04708684772062795,0.0,False
-40.654638,268,1063.315749,1.1878092725924763,True,0.04829050584434586,0.0,False
-229.908865,500,1095.05254,2.226849756298768,False,0.3050414758435763,0.0,False
-348.620519,500,1095.642694,0.8263804147952667,False,0.22766306931224226,0.0,False
116.004145,122,1124.52514,0.8572910257312004,True,0.0482804465076263,0.0,False
-371.045476,500,1125.135618,2.2122031111071383,False,0.6337811207730889,0.0,False
-119.827037,500,1156.930592,0.15217898753779946,False,0.23823679411259077,0.0,False
-155.980752,500,1157.533707,0.5449879261920225,False,0.06510630774494891,0.0,False
99.200992,114,1189.257921,0.5762370386331093,True,0.04966853741549779,0.0,False
127.836907,102,1189.376285,0.6757097053001778,True,0.042387854996600687,0.0,False
-28.538188,268,1189.708403,1.0593508772983464,True,0.04950929159945552,0.0,False
121.951633,94,1189.814968,0.9246620561802723,True,0.04752787138897411,0.0,False
-102.16298,500,1221.919448,0.654600336880352,False,0.05476290176386824,0.0,False
-105.330608,500,1222.508913,0.6591622370537222,False,0.05325224442260682,0.0,False
-165.364824,500,1253.954847,0.7490606148364921,False,0.08711954189890815,0.0,False
13.675115,165,1254.150396,1.2230555394619456,True,0.04822684856938051,0.0,False
-194.686069,500,1254.731786,0.945233642566877,False,0.14704125067231297,0.0,False
134.566656,75,1254.819619,0.5605097415358321,True,0.0436116596704847,0.0,False
-406.044783,500,1286.068116,1.1929355698110142,False,0.2846260957540484,0.0,False
61.062489,175,1286.265362,0.7361601401480397,True,0.04842501281918689,0.0,False
100.644341,118,1317.185319,1.2665163870092693,True,0.04282073747315625,0.0,False
92.809849,103,1317.306237,0.7217231596973296,True,0.04924057262582033,0.0,False
113.321498,174,1317.514901,0.4722191556233991,True,0.04908874513404188,0.0,False
44.389173,129,1317.670801,1.4442629322397007,True,0.04710749302186565,0.0,False
121.967344,89,1317.770467,0.4071521987692721,True,0.04624666129681905,0.0,False
114.702153,108,1317.899271,1.0179107716865101,True,0.04762662921809449,0.0,False
19.748372,146,1318.068921,1.3002292210833595,True,0.04509697969280494,0.0,False
49.05587,223,1318.345662,0.8960290024517463,True,0.046921540702706516,0.0,False
-411.226182,500,1350.830194,2.085010199189879,False,0.7128125135809411,0.0,False
113.515968,109,1350.947943,0.8000512111496488,True,0.04980120306689375,0.0,False
-244.441632,500,1379.997718,0.5557875777693024,False,0.5658963114650839,0.0,False
-82.816063,500,1380.592314,0.3259137739173853,False,0.11935099265049255,0.0,False
123.122501,80,1411.52647,0.44946861645666986,True,0.048948582614222566,0.0,False
84.595813,140,1411.694481,0.69839223215456,True,0.04997771137844423,0.0,False
134.685044,88,1411.795639,0.7208685893358631,True,0.04816011167821401,0.0,False
110.918344,114,1442.767279,2.299446213818012,True,0.038901879235228566,0.0,False
116.582094,142,1442.939618,0.4772913698896293,True,0.04888114304173725,0.0,False
117.974579,141,1474.546995,0.4668782401036316,True,0.049659850104174494,0.0,False
-4.082573,401,1475.014179,1.0202377655649912,True,0.04995863864481616,0.0,False
41.826025,132,1506.475669,1.941286678743404,True,0.04863998121510755,0.0,False
-426.755788,500,1507.064205,2.1131645744731555,False,0.6984550433595637,0.0,False
-81.097088,307,1538.909496,0.8950627233769541,True,0.04792489651836315,0.0,False
21.883058,141,1539.065547,1.6213056389983773,True,0.043900403495147136,0.0,False
-15.294218,202,1570.300867,1.0514821072203544,True,0.04990805472568165,0.0,False
76.752836,135,1570.463289,0.7579425798020547,True,0.048978808437051984,0.0,False
80.797437,119,1601.758724,0.7537926885410641,True,0.048691565388414154,0.0,False
-205.168556,500,1602.354392,3.552824142992191,False,0.15503414026862392,0.0,False
28.519969,160,1602.544876,1.098279887378309,True,0.04538024429393074,0.0,False
-423.472309,500,1634.407889,3.041038911157354,False,0.6357891425106063,0.0,False
91.279066,123,1634.554803,2.12406495673196,True,0.037473696034947324,0.0,False
97.856241,105,1634.678491,0.7282187025798533,True,0.04868031687064182,0.0,False
8.029579,140,1634.842018,2.079508493132884,True,0.048863592025956123,0.0,False
62.355449,140,1663.465612,1.0422054604217692,True,0.046161484385259834,0.0,False
47.76998,198,1663.700975,1.61806021730596,True,0.04950726205298214,0.0,False
64.628668,138,1663.864548,1.1204505438909926,True,0.043975645746420995,0.0,False
42.795886,151,1664.039567,1.2198238242130746,True,0.04747756082409645,0.0,False
105.483457,132,1664.193317,0.5162342904383445,True,0.04914936428408877,0.0,False
120.303291,95,1664.300411,0.4284508860898829,True,0.04956020348973483,0.0,False
-382.527756,500,1696.507551,3.311457597089977,False,0.6085704894916826,0.0,False
-213.959701,500,1697.094687,1.7113891239633479,False,0.32884611055421686,0.0,False
104.422124,141,1728.441632,0.5355277087228859,True,0.049291392962158904,0.0,False
83.610273,169,1728.636117,0.5651453128530374,True,0.0488631077453347,0.0,False
119.478774,95,1728.745687,0.6347050263850691,True,0.04860997692494812,0.0,False
26.967696,131,1760.222102,2.2755263687872693,True,0.04281476822002304,0.0,False
28.897544,131,1760.381032,2.1786479794381934,True,0.04864431155572578,0.0,False
-239.310019,500,1792.777694,1.2523699807325541,False,0.3242419871358418,0.0,False
131.526568,93,1792.886207,0.3374174678615477,True,0.04824693581083043,0.0,False
-61.087146,228,1824.448899,1.6092532135007422,True,0.049321735093286884,0.0,False
-2.881367,235,1824.730963,1.4349681903482363,True,0.04632117625922165,0.0,False
133.519303,94,1856.518222,0.8965692196934437,True,0.04212074668591252,0.0,False
-130.805283,500,1857.112065,1.0806157346668936,False,0.16570259356881506,0.0,False
110.064911,154,1888.488485,0.41118352362204263,True,0.0495897446503653,0.0,False
-15.696742,178,1888.686694,1.2740040434235422,True,0.04960479943174045,0.0,False
50.787349,144,1888.850985,1.7027937560063438,True,0.04717575174680338,0.0,False
64.022935,215,1889.1039,0.7496346786252577,True,0.04991514759050848,0.0,False
-54.91733,255,1889.412147,1.5903415160561896,True,0.049173159850641114,0.0,False
137.294451,85,1918.23666,0.3714360584780056,True,0.04902341375442574,0.0,False
-672.89879,500,1918.839682,1.138785882144481,False,1.2591964676232956,0.0,False
146.87386,100,1918.959797,1.42258084143058,True,0.039224304389543496,0.0,False
65.80969,117,1919.098097,2.3901322949686676,True,0.039074239862660114,0.0,False
30.708169,120,1950.432726,1.8249022799020616,True,0.04889041962359792,0.0,False
-625.01087,500,1950.993711,2.622717686728253,False,1.1230083846459706,0.0,False
-227.872428,500,1982.760512,1.0574953893459609,False,0.1465474144521695,0.0,False
-139.469084,500,1983.376548,3.1964330063486726,False,0.08830065174877455,0.0,False
85.134768,189,2014.863998,0.7586762496585737,True,0.0495074439978816,0.0,False
137.5537,58,2014.929331,0.3142068911353889,True,0.04897627496173082,0.0,False
102.429537,110,2015.059609,1.775573313062726,True,0.04548015429083401,0.0,False
-98.885096,223,2049.330496,1.2230840250418071,True,0.04850619648298962,0.0,False
127.152792,91,2049.444977,0.6294210342612676,True,0.046828233792227975,0.0,False
151.157793,98,2049.56703,1.0615166797477391,True,0.0373635497092447,0.0,False
67.023164,135,2049.727806,1.4506433218667931,True,0.04349494916921772,0.0,False
93.592073,131,2049.886669,0.5905303645871043,True,0.04891918303333242,0.0,False
73.506032,193,2050.119683,0.6804401175932773,True,0.049967371725183826,0.0,False
64.508712,156,2050.308546,0.8298592798183407,True,0.04789206354917325,0.0,False
79.046175,180,2050.517364,0.7295992389236651,True,0.04978602016515224,0.0,False
118.345207,87,2082.633329,0.5343142570084214,True,0.048960324895605485,0.0,False
91.371041,116,2082.768623,2.053026710721515,True,0.04869126574829596,0.0,False
121.241244,89,2082.875947,0.4747607804278604,True,0.0476211167933969,0.0,False
83.925075,146,2083.050084,0.6575587789082781,True,0.048511009260289936,0.0,False
123.85159,91,2115.328472,0.42790887901934077,True,0.04656032015635138,0.0,False
128.529814,169,2115.535276,1.0274533677974638,True,0.04995487788526949,0.0,False
119.781015,105,2115.659741,0.7012794686573183,True,0.04737778182498732,0.0,False
78.859025,183,2147.517663,0.6731591047031137,True,0.04925764767807355,0.0,False
104.957349,121,2147.651593,1.1422970769039835,True,0.04042498049545518,0.0,False
111.732982,146,2179.430052,0.4744786967048456,True,0.04995348432306675,0.0,False
-556.479382,500,2180.031708,3.0273060873925544,False,0.984468219209729,0.0,False
79.815064,171,2209.148021,0.8396990071890277,True,0.04905401501677386,0.0,False
-9.466843,163,2209.342113,1.4502832287532188,True,0.04971940867422792,0.0,False
37.524734,116,2209.486073,1.7372700255826532,True,0.04447275233052373,0.0,False
113.113762,107,2209.617097,1.952866723353032,True,0.03889676629652214,0.0,False
96.778811,110,2209.746673,2.046305959806176,True,0.04715730829182471,0.0,False
130.481103,74,2209.836766,0.3772821996521492,True,0.047526501102654994,0.0,False
138.212218,79,2209.927071,0.4268335405915356,True,0.04983170539343799,0.0,False
102.584071,124,2241.714802,0.4656452855988726,True,0.049588773878664796,0.0,False
135.253119,82,2241.814533,0.3705850953413603,True,0.04517034170264459,0.0,False
-65.713569,203,2242.052442,1.7720950828085988,True,0.04809286921995974,0.0,False
-116.068931,238,2242.336575,-4.071635729693235,True,0.049585520017406653,0.0,False
-698.019883,500,2274.567235,1.5624263075596112,False,1.273391698161685,0.0,False
94.874831,129,2274.717286,0.8525755311887067,True,0.049007374898548256,0.0,False
-162.427244,500,2307.047445,3.501104393126997,False,0.09916089985547816,0.0,False
-5.882522,176,2307.251491,1.1661237675861182,True,0.04994041364838574,0.0,False
-205.479889,500,2339.074098,4.191223681124004,False,0.10110095040933519,0.0,False
-162.04445,500,2339.671,0.326413532617528,False,0.3387904281531124,0.0,False
142.986804,103,2339.807667,1.6233108543379569,True,0.03892662605965652,0.0,False
-58.738834,243,2371.127734,1.7841494545083187,True,0.04809721758216883,0.0,False
107.818294,120,2371.26761,0.4791503116171188,True,0.048732093316266364,0.0,False
106.046585,129,2371.421467,0.40963969597348127,True,0.04794123398869075,0.0,False
-528.624122,500,2372.092786,4.667771585022014,False,0.8668761178990948,0.0,False
117.328379,95,2372.204957,0.49613047398066146,True,0.04971363770083281,0.0,False
-52.746372,212,2403.474832,4.738623301957742,True,0.04964251011662692,0.0,False
68.05644,142,2403.644626,0.765219218261653,True,0.048727055440681656,0.0,False
110.773087,95,2403.753692,0.940651048885934,True,0.04454590954106845,0.0,False
117.025806,109,2403.876447,1.6855600344145005,True,0.04352697063989956,0.0,False
49.862525,86,2403.966333,-2.302922798959317,True,0.04700860052590395,0.0,False
-14.453317,223,2435.278859,2.0606105668995554,True,0.04920733069686972,0.0,False
72.510419,106,2435.403118,2.4223239612040266,True,0.043382962959003374,0.0,False
106.739157,116,2435.536474,2.5670615628387385,True,0.03607623444146365,0.0,False
-171.675952,500,2466.330785,3.037914083917895,False,0.11565269795748057,0.0,False
63.455385,219,2466.595452,0.9722804060130088,True,0.049742375831399385,0.0,False
99.396465,123,2499.686107,0.6417476882099022,True,0.04782637393316515,0.0,False
-239.248406,500,2500.30445,1.9773879353158137,False,0.3900779372822012,0.0,False
100.772556,122,2532.959868,0.9164142879813096,True,0.04469518843643271,0.0,False
-442.682065,500,2533.566898,2.663705820240137,False,0.7801402651824223,0.0,False
130.146712,110,2533.6996,2.3114581253343207,True,0.03940975006641809,0.0,False
131.260808,84,2566.486862,0.830155653928677,True,0.04812023736499666,0.0,False
133.810619,69,2566.566981,0.3501690163645648,True,0.04844677633633268,0.0,False
139.509674,92,2566.675536,1.5381055783857842,True,0.039902272320757534,0.0,False
-22.968842,239,2599.179457,1.6993388509528902,True,0.04760593234465937,0.0,False
69.40638,109,2599.304231,3.0183506652460808,True,0.04212020360769528,0.0,False
79.463475,135,2599.468968,0.748294524637652,True,0.04727398480943414,0.0,False
61.362543,194,2599.694808,0.9944047316630433,True,0.04891883567132275,0.0,False
-100.328825,284,2631.745836,-3.711149090840972,True,0.04985500070645233,0.0,False
-38.396484,142,2631.913504,2.3249126955666797,True,0.04677391043749652,0.0,False
74.636683,147,2632.086039,0.761462692733567,True,0.04727556396715963,0.0,False
65.560336,89,2632.185837,2.9687526074035167,True,0.04647356932183345,0.0,False
13.15935,245,2664.220263,0.8822049842295914,True,0.04893074377773716,0.0,False
131.324021,80,2664.308514,0.33899995721244686,True,0.048316320775255696,0.0,False
-21.377873,150,2664.4888,1.8636104556076944,True,0.0455831645649571,0.0,False
120.977181,98,2697.356617,1.8044729382940035,True,0.04707129595988343,0.0,False
34.022483,213,2697.614912,1.2590458798866524,True,0.048902085645412055,0.0,False
89.063838,161,2697.815746,0.5505297083572889,True,0.049269706766363844,0.0,False
128.89623,112,2730.944677,0.3644937093258958,True,0.04998347098028926,0.0,False
43.99893,164,2731.131094,0.8054766585202605,True,0.048950171954783656,0.0,False
135.989814,94,2761.164074,0.39691722266997637,True,0.044336819287334316,0.0,False
89.402568,105,2761.289058,2.6284599588400432,True,0.0457708166327898,0.0,False
111.023119,107,2761.419738,0.5033288316670188,True,0.04824194007287825,0.0,False
131.341931,108,2761.554837,2.301620011346531,True,0.03943555152589154,0.0,False
131.457647,69,2794.081465,0.38923942141898904,True,0.04847671736093757,0.0,False
-283.145224,500,2794.673545,1.2223023191082623,False,0.1840625403410691,0.0,False
92.2713,100,2794.805151,2.348390775137228,True,0.04790672362732381,0.0,False
99.294172,127,2828.355461,0.7186706115571273,True,0.04297956180301758,0.0,False
69.330243,123,2828.501111,0.9482789080100567,True,0.047529366500222034,0.0,False
-80.978786,500,2862.049448,0.3807865492399067,False,0.1148210297868213,0.0,False
82.482659,129,2862.202012,0.6741762644489786,True,0.04762143056117133,0.0,False
91.773143,131,2894.991605,0.6043124562322121,True,0.049975507071604475,0.0,False
-11.674084,226,2895.259326,1.5507223905207586,True,0.049919239475678924,0.0,False
-79.831066,500,2895.841009,0.5092370947916918,False,0.07594916169664315,0.0,False
-10.039491,150,2896.013915,1.6151189905476917,True,0.046330574454633115,0.0,False
-17.906124,156,2896.201265,1.5063903130003333,True,0.0486668606128839,0.0,False
-34.036474,261,2929.406653,1.650088937810187,True,0.048934861478543853,0.0,False
-124.651221,500,2930.024263,4.49163315195612,False,0.06027102727638615,0.0,False
94.976235,123,2963.15993,0.7353527150778715,True,0.04511852727010267,0.0,False
-580.334554,500,2963.786094,-3.590859318578607,False,0.8817689016667754,0.0,False
84.354877,98,2996.825991,2.1663235366408564,True,0.04144627056543534,0.0,False
63.485898,237,2997.110998,0.7328858273184314,True,0.04989859945578596,0.0,False
42.324471,144,3027.329121,1.464930545542944,True,0.044323270939574506,0.0,False
95.935932,122,3027.474234,0.84478359425301,True,0.04896647603383174,0.0,False
3.680538,130,3060.772898,2.5439692358455557,True,0.04237652382644691,0.0,False
64.969659,125,3060.921315,0.9833431413311536,True,0.049826599717715206,0.0,False
-194.142605,500,3061.521569,3.130692934564625,False,0.22644174300654166,0.0,False
95.847902,135,3061.678159,0.6412377462136685,True,0.049995231328813616,0.0,False
112.894582,118,3061.811229,0.6200392670467595,True,0.049885917544945035,0.0,False
95.406855,103,3061.931766,2.882429085894973,True,0.041652489047021846,0.0,False
129.105708,100,3094.661544,0.35709021969693616,True,0.04732191212482615,0.0,False
-67.357357,500,3095.253152,0.41050019571155527,False,0.07743294946063455,0.0,False
110.031745,88,3127.992665,0.625166677299863,True,0.047267516502787585,0.0,False
-257.585082,500,3128.585417,1.1380014953967734,False,0.1593423949559557,0.0,False
-19.929127,147,3161.566727,1.993022283955551,True,0.04977371656405304,0.0,False
62.901663,121,3161.721192,2.750992353625877,True,0.04457452397882662,0.0,False
106.310644,125,3161.86327,0.7581072964472199,True,0.04845253572564918,0.0,False
109.069415,84,3194.783917,0.7480132254419898,True,0.04962175801579682,0.0,False
119.837609,92,3194.887647,2.7192666112021024,True,0.03852551219702177,0.0,False
-26.042072,190,3195.105085,2.0544077295763574,True,0.0465086063090144,0.0,False
-77.471879,264,3228.092265,1.9677724739354445,True,0.04897856552382618,0.0,False
31.396377,239,3228.383439,0.799237396975128,True,0.049872931928717015,0.0,False
ue,0.04867287473279113,0.0,False
78.607725,102,3027.275081,2.6196040965058915,True,0.037155917437406774,0.0,False
-241.273382,500,3027.869871,2.3584242257855292,False,0.35130817351911064,0.0,False
117.857747,117,3028.005491,0.4994358881476228,True,0.048595171964911255,0.0,False
81.618864,130,3060.768164,1.286521817750193,True,0.04680067113829001,0.0,False
-455.729385,500,3061.368737,3.388767494824008,False,0.7617821315951259,0.0,False
-426.782093,500,3061.948933,3.931457691710557,False,0.632719934359835,0.0,False
138.763989,98,3094.653759,1.7439694725711163,True,0.03419179615802152,0.0,False
135.387661,100,3094.765917,1.8570930184864873,True,0.036765782130484224,0.0,False
96.129578,131,3094.916077,0.8308268874556403,True,0.04503616898302395,0.0,False
103.005984,126,3095.07842,0.5519646967150743,True,0.04632952204465727,0.0,False
-75.577768,500,3128.475859,0.5073316186186199,False,0.07306350487229726,0.0,False
62.87232,148,3128.650468,0.7744433498224393,True,0.04966578603231109,0.0,False
105.726402,84,3128.749589,0.8909997670857122,True,0.04653397704084285,0.0,False
45.910167,222,3161.655689,0.7574183276268456,True,0.04896532016077734,0.0,False
83.963344,149,3161.833194,0.6199131810226853,True,0.04822291096319139,0.0,False
-62.683085,232,3162.104644,1.5744690328449578,True,0.04983645611936664,0.0,False
25.677397,149,3194.854729,1.517189776513337,True,0.04387446306788674,0.0,False
61.025426,142,3195.017252,0.880090586733708,True,0.04668232345697097,0.0,False
68.386356,92,3195.119771,2.859348911100395,True,0.0488062520080932,0.0,False
41.93562,122,3227.924597,3.60882217781869,True,0.04638348249403298,0.0,False
-24.202789,147,3228.094137,2.0715490570803183,True,0.045109989907220024,0.0,False
-13.410599,137,3228.257795,2.40565451617275,True,0.04579290689477419,0.0,False
102.154615,94,3228.374183,0.6790884326873916,True,0.04902930469589437,0.0,False
e
39.087997,188,464.874021,1.6711385662893325,True,0.049747788403553504,0.0,False
-188.004741,500,465.660179,1.8061040844971163,False,0.3096299218245824,0.0,False
-212.986987,500,466.491381,1.9736727850374811,False,0.24986920661960982,0.0,False
-593.282805,500,470.254671,3.2418619509573343,False,0.710880587836086,0.0,False
31.597145,73,470.367671,-2.8002668223327674,True,0.037496542158253265,0.0,False
-171.88273,500,471.213624,2.371023915883461,False,0.298152644921133,0.0,False
112.955826,128,471.453119,1.0757127922881908,True,0.04656555350993226,0.0,False
-272.342849,500,472.285592,2.3797321050186664,False,0.4264538772895226,0.0,False
-208.367578,500,473.167018,2.029964589925225,False,0.42376314494550055,0.0,False
18.322753,311,476.875405,1.6424826336426976,True,0.04677598876756976,0.0,False
95.814918,155,477.160919,1.0404394667048589,True,0.04398450555205027,0.0,False
-41.604049,385,479.322769,1.866975877849313,True,0.048553198917502725,0.0,False
-14.710504,424,480.117056,1.7869475833341857,True,0.047860321960573805,0.0,False
-597.884165,500,481.077603,2.768688685586924,False,0.9594564295459036,0.0,False
-221.454045,500,484.954248,2.571553934320089,False,0.1729268326053916,0.0,False
-282.534818,500,485.762319,2.202234404854952,False,0.46059802691062085,0.0,False
80.754281,156,486.00837,1.4182614497049562,True,0.04599214950492517,0.0,False
-174.427488,500,486.774719,2.3271648150263275,False,0.24274543456490164,0.0,False
-211.61807,500,487.531969,1.9502610585690918,False,0.05957458314565082,0.0,False
-189.279382,500,491.258064,1.9203969585660603,False,0.06514435809547965,0.0,False
-240.665052,500,492.040438,2.9298939235812087,False,0.2628910570977445,0.0,False
30.672908,321,492.577397,1.4519999824966798,True,0.04934666821099511,0.0,False
-181.74581,500,493.554466,2.1898716755990764,False,0.2829609835894626,0.0,False
-300.580178,500,494.415295,2.8495514427166797,False,0.24450701625455434,0.0,False
-40.791474,322,497.835976,1.8307022581982233,True,0.04902845533485519,0.0,False
-152.332116,424,498.480523,2.297350248428796,True,0.045578923772162674,0.0,False
-739.730277,500,499.268737,-1.0799917559887504,False,0.11033302129341588,0.0,False
-180.750626,500,500.289853,1.9602379660748712,False,0.26596049878449335,0.0,False
-213.645807,500,504.223289,2.0964684768387674,False,0.33175838175916067,0.0,False
-22.715621,388,504.98747,2.006610714417744,True,0.049486898622161976,0.0,False
-263.253649,500,505.841957,2.218257662761123,False,0.16750171706705683,0.0,False
-412.172928,500,506.996298,3.7811573750236,False,0.5550159014753474,0.0,False
16.576775,376,507.744033,1.6098164199971714,True,0.04744819649595684,0.0,False
51.347591,297,511.214103,1.4432225527074278,True,0.04558653091053598,0.0,False
-56.283942,386,513.090404,1.9682981957084429,True,0.048297566858571325,0.0,False
-237.664808,500,514.048052,2.039657259337627,False,0.21228817698837632,0.0,False
-171.945178,453,514.795993,2.6432526184054757,True,0.04701844419041946,0.0,False
14.585271,276,515.209361,1.4822761980824244,True,0.04787443382396834,0.0,False
-284.460247,500,518.826025,2.124027762107527,False,0.37197468194183836,0.0,False
-294.677791,500,519.598972,2.807942459984041,False,0.21048431688143288,0.0,False
16.469617,220,519.913967,1.5599373680248119,True,0.04882110719392653,0.0,False
-207.177874,500,520.742945,1.852698363615525,False,0.23632698300890823,0.0,False
-329.265405,500,521.569245,2.872561116419451,False,0.28387903498999606,0.0,False
1.909433,367,525.257362,1.546568222744805,True,0.049762635403275274,0.0,False
-416.118461,500,526.039146,2.8877345929591893,False,0.49328791702913305,0.0,False
-175.393083,500,526.809975,1.7712263910832138,False,0.3811012988578527,0.0,False
-10.643132,278,527.267351,1.5791165336643374,True,0.04920467075927229,0.0,False
-266.177758,500,528.035896,2.3900569934142193,False,0.16789741864949814,0.0,False
122.232809,106,531.049483,0.8640350294417334,True,0.04473733674952264,0.0,False
69.242568,220,531.372201,1.1747127277100475,True,0.049294342508873434,0.0,False
113.556507,127,531.587791,0.7881968209448119,True,0.047373056163248335,0.0,False
-358.53745,500,532.396538,2.5321366866261954,False,0.37048117449889545,0.0,False
107.833673,188,532.697402,0.9906368747776259,True,0.04943281010046969,0.0,False
18.200185,428,533.412287,1.912802917280958,True,0.04875846899622426,0.0,False
76.2-52.615791,461,533.774498,2.205961021321717,True,0.04862890479938529,0.0,Fal-165.378571,500,537.310987,1.9221011849349403,False,0.24530292730211908,0.0,False
12-308.856941,500,537.726058,3.789864454349634,False,0.1611590569480207,0.0,Fals-295.951496,500,538.287298,2.529733471841268,False,0.42933511131615404,0.0,False
-97.321631,376,538.874497,2.163172269790427,True,0.04790473105315766,0.0,False
-170.246011,500,539.613034,1.9624879073951735,False,0.2109673080604459,0.0,False
-391.02455,500,544.934056,2.591136416739095,False,0.38923076509339466,0.0,False
-293.0256,500,545.451834,2.6398868630811614,False,0.17003109469948466,0.0,False1-162.647128,500,546.261836,1.929323570499918,False,0.19637708064901455,0.0,Fa-188.-182.550373,500,547.084544,2.034037417149756,False,0.30130489081776984,0.0,Fa7.521-74.687499,356,547.649722,2.505484481446589,True,0.04958018062383332,0.0,False
-61.828752,315,548.245271,1.662734027796813,True,0.04850133061536898,0.0,F-170.3-35.291248,292,552.034478,1.68255365174837,True,0.04851781940065942,0.0,Fals-8.-377.13857,500,552.863424,3.3020542113839726,False,0.11937128900139196,0.0,Fa-163.-145.968551,500,553.722476,2.467739838565015,False,0.12876075611731996,0.0,False
-11.359848,221,554.11643,1.391388583812704,True,0.04671554436093673,0.0,False
-76.29394,305,554.618478,1.4094483427504323,True,0.048938351407228284,0.0,False
106.031295,118,554.848457,1.5106621412444845,True,0.049854179202655904,0.0,False
-374.492942,500,558.933648,2.8233162367397853,False,0.2310634833415003,0.0,False
-183.154954,500,559.852077,1.8770226237165166,False,0.098948585425566,0.0,False
109.488981,118,560.05539,1.2664257536969399,True,0.04832864498928255,0.0,Fals15.36.400826,192,560.401245,1.076077207831159,True,0.04982277802494486,0.0,False13.731043,500,561.353818,1.9199223153648723,True,0.04916068810921488,0.0,False
-200.269391,500,562.223473,1.839342663596496,False,0.23587351089545383,0.0,False
-476.368304,500,566.11721,2.4955103036787984,False,0.834603458808872,0.0,False
-497.890307,500,566.982196,3.021963902889254,False,0.6037448878523602,0.0,False
-214.623085,500,567.788786,2.2694001214819974,False,0.2728868012765311,0.0,False
-64.660012,464,568.555677,2.0907291312785024,True,0.049541984922539924,0.0,False
125.481574,92,568.714005,0.7120052324439793,True,0.047953706367602655,0.0,False
-232.256769,500,572.953184,1.9477888467932116,False,0.3506508787460591,0.0,False
-102.714283,500,573.816084,1.714270155397999,False,0.17888303766993927,0.0,False
-349.133285,500,574.752049,2.49473622406034,False,0.09590036797634094,0.0,False
81.135834,149,575.046228,1.160856324194065,True,0.049472896414652266,0.0,False
-268.191944,500,580.114853,2.217886380568793,False,0.25200851512794686,0.0,False
-28.681412,336,580.648621,1.8465878588663238,True,0.04998710634616751,0.0,False
25.875418,291,581.068326,1.5400738445217166,True,0.049465345546558445,0.0,False
-9.572031,285,581.566989,1.4341885184806122,True,0.04997337515470709,0.0,False
-4-169.71918,500,582.320092,1.9335767388255989,False,0.13982122138393918,0.0,Fal-129.269239,500,582.966818,1.8305608399127304,False,0.10582512135757025,0.0,False
23-192.730223,500,586.584096,2.1124421921944374,False,0.15765762339663542,0.0,F-155.2-194.873023,500,587.54042,2.1643527902657436,False,0.1410312562389168,0.0,Fal59.2-294.577879,500,588.480158,2.6792024800097836,False,0.3785001977894715,0.0,F-574.8-295.82152,500,589.364793,2.8483116419145675,False,0.08304689700676324,0.0,-126.57101.834342,131,589.612458,1.3209488904624027,True,0.048930834090030004,0.0,F91.16952.158975,171,592.724782,1.1155577503175758,True,0.048632929382437524,0.0-29.421754.318958,298,593.250338,1.2108647529006584,True,0.04960176578301724,0.0,0.28189-349.873267,500,594.112548,4.46023518006841,False,0.29995233728685783,0.0-223.089-268.127507,500,595.033876,3.4224603720615794,False,0.25437829264512407,0.0,False
104.881136,153,595.293431,1.093713071673327,True,0.04929665863022793,0.0,False
-575.27222,500,596.101199,-0.8583649887008774,False,0.36939625616459043,0.0,False
-611.898398,500,599.481455,2.7694845075616246,False,0.2797378967695432,0.0,False
-289.816471,500,600.279981,2.680036429279908,False,0.43716808710759475,0.0,False
-273.881809,500,600.991466,2.445488359315072,False,0.27434703339005806,0.0,False
-149.956152,500,601.676821,1.9758058541199996,False,0.083574388306102,0.0,False
-749.510617,500,605.417275,-1.847895023704335,False,0.7087018883856759,0.0,False
-178.719193,500,606.287229,2.087497563349461,False,0.16703512191459774,0.0,False
21.863602,337,606.89677,1.563718542604976,True,0.04715686868465615,0.0,False
-353.116642,500,608.962682,2.5714295467187345,False,0.6111348353274891,0.0,False
-481.34905,500,612.542526,2.3160813344518996,False,0.8979656876489945,0.0,False
-1007.898436,500,613.330114,0.4302966054671473,False,1.5661388115608954,0.0,False
-292.059909,500,614.109625,2.6826642793413495,False,0.312539487609356,0.0,False
-172.967977,500,614.871575,2.1617951095755323,False,0.35734230149931423,0.0,False
-479.749577,500,618.400749,3.0676121549320965,False,0.11830709895341325,0.0,False
36.168186,294,618.834582,1.52828465831212,True,0.04641428854163597,0.0,False
115.65487,115,619.020451,1.0227751149405246,True,0.04307533771193988,0.0,False
23.988326,320,619.526615,1.357476438409148,True,0.048445800303437224,0.0,False
-293.233086,500,620.307342,2.9255122912505245,False,0.37882059419979613,0.0,False
-162.575385,405,620.940723,2.074528708954267,True,0.049422200662838325,0.0,False
66.1384,148,621.179504,1.6045066457370483,True,0.04555198168994705,0.0,False
16.557027,278,624.366308,1.6466321029239919,True,0.04783418220851311,0.0,False
98.56458,157,624.60181,0.7888330859709318,True,0.0479726191031719,0.0,False
-332.270952,500,625.370731,2.6399829947319073,False,0.1775730494305993,0.0,False
-326.270022,500,626.14789,2.8382815913258974,False,0.4274304093733246,0.0,False
6.112703,381,626.752111,1.6224822324393957,True,0.049482464977625096,0.0,False
21.772724,176,627.005624,1.8926149909802126,True,0.045752882212526595,0.0,False
-628.409106,500,630.516228,2.1653413189245216,False,1.173977298167153,0.0,False
-397.136657,500,631.290117,2.9163092880595474,False,0.23502148445208232,0.0,False
130.577121,79,631.419178,0.5915857030915617,True,0.04698148034177957,0.0,False
-158.106022,500,632.175385,2.2878740108990336,False,0.19367179430752735,0.0,False
-159.823096,500,632.975577,2.083303478493969,False,0.15647689429533843,0.0,False
26.602842,191,636.033193,1.3234724832604756,True,0.0452117060664356,0.0,False
-54.525587,246,636.397155,1.757236157541388,True,0.04831629576073494,0.0,False
-368.029045,500,637.142148,2.3814908422537155,False,0.06535887403607105,0.0,False
-124.965077,500,637.902901,1.8472586052953281,False,0.13744619361656038,0.0,False
-394.930174,500,639.332423,2.3918497181314593,False,0.41347114133132024,0.0,False
122.17634,117,639.514421,0.994768968633408,True,0.046937480173810914,0.0,False
-235.76622,500,643.036442,2.3430401963996776,False,0.29328274553566497,0.0,False
7.357233,287,643.466185,1.9676422027587313,True,0.04808273162649751,0.0,False
-5.153835,349,644.023069,1.8961309397887955,True,0.048870392203463765,0.0,False
-18.616831,442,644.685305,1.9170565485329232,True,0.047823668473745654,0.0,False
-1082.540322,500,645.471626,1.4007275685761345,False,0.30615076856841766,0.0,False
-131.443246,500,648.995657,2.4124129008167756,True,0.04890280772385042,0.0,False
-529.626604,500,649.773253,2.2346940128341437,False,0.9478519679034512,0.0,False
65.338795,250,650.147451,1.6973329722210917,True,0.04993082052620393,0.0,False
91.107299,254,650.523213,1.0939142174738372,True,0.04590372674444537,0.0,False
-201.746253,500,651.319141,2.0292797056533325,False,0.1172399889730682,0.0,False
28.516507,474,654.836685,1.8567220139574645,True,0.04908661506927812,0.0,False
80.452533,152,655.093013,1.4147043698282793,True,0.045276705653596636,0.0,False
112.755257,109,655.276668,1.0761517766268256,True,0.04674135356015177,0.0,False
-56.750821,347,655.829066,1.9560482400876973,True,0.0479927691283878,0.0,False
-111.699096,500,656.602841,2.2832894273489157,True,0.048474715253514156,0.0,False
-593.266464,500,657.446675,-0.855779123988982,False,0.20306767360151928,0.0,False
101.130126,120,660.835707,1.5186279116354926,True,0.0496915044186325,0.0,False
-389.7937,500,661.732678,2.8730365773601894,False,0.5269962669897554,0.0,False
-619.660095,500,662.649592,-1.7699580918190942,False,0.4572266219002927,0.0,False
-700.036942,500,663.473732,1.9146550738584582,False,1.3267740256070988,0.0,False
21.859037,172,663.812843,1.8556955433427171,True,0.04517215384077921,0.0,False
-18.352133,469,667.387989,1.9158199168294943,True,0.04813115773892148,0.0,False
-215.745771,500,668.304666,2.0493411275162163,False,0.3159541365174093,0.0,False
123.095937,115,668.501881,0.7974388674584344,True,0.04591123802732101,0.0,False
-132.841802,500,671.123886,1.9531984656436956,False,0.11822665656267425,0.0,False
-75.906443,383,671.856676,2.7475720910348143,True,0.048581239884040776,0.0,False
-33.305054,318,672.393599,1.5983751162025202,True,0.047848789605758286,0.0,False
30.217502,286,676.031583,1.3806681032567993,True,0.04669203807619231,0.0,False
23.44675,328,676.553447,1.652220194674663,True,0.049852310400068614,0.0,False
-22.398109,215,676.868049,1.7406946701813255,True,0.04928061074947452,0.0,False
-164.627721,372,677.433183,2.7158525052735425,True,0.046723412427305794,0.0,False
107.810795,136,677.64121,1.108511140043963,True,0.04930813081937193,0.0,False
-60.675958,365,678.200785,2.1115873791482107,True,0.043392868883315984,0.0,False
28.468282,306,678.681064,1.8179937628823863,True,0.045518320077506134,0.0,False
-302.493134,500,682.220191,2.4323398390798894,False,0.1875821627962026,0.0,False
-18.975074,256,682.606005,1.6841561654420636,True,0.04897526995484322,0.0,False
59.741121,149,682.811734,1.3436719858601278,True,0.04833061506341303,0.0,False
-119.877095,500,683.653029,1.758337954784655,False,0.27219085477181726,0.0,False
-70.130841,333,684.153001,3.1522848485831707,True,0.047237876647618145,0.0,False
101.090956,132,684.355055,1.2357284290136468,True,0.045171042301466784,0.0,False
65.571053,157,684.612746,1.338315797436554,True,0.04488288291455593,0.0,False
-879.996527,500,688.153708,-1.4999101809325688,False,0.6023349785062444,0.0,False
-219.191571,500,688.94474,2.0239002274148596,False,0.1577384495843567,0.0,False
1.694771,286,689.442726,1.8265770919313897,True,0.04619296768048966,0.0,False
63.426463,251,689.831684,1.3581842890166622,True,0.04976824852656676,0.0,False
-804.607786,500,690.603479,0.11679398787115733,False,0.6127658953366079,0.0,False
-109.417037,500,694.377394,1.7914587250836451,False,0.10117909444330046,0.0,False
-36.624197,247,694.782814,1.8833895478007066,True,0.04746977658642678,0.0,False
-126.721617,500,695.650831,1.530336937231787,False,0.07494339265517563,0.0,False
-0.226654,458,696.377732,1.9438829149484944,True,0.04970808686202273,0.0,False
-82.278401,380,696.969007,1.9026990051250734,True,0.04969760937066207,0.0,False
-147.5798,500,700.547366,2.0272670736176988,False,0.15008178869861943,0.0,False
122.818595,144,700.784428,1.1012861431896968,True,0.049924688044632105,0.0,False
-16.611521,350,701.297745,2.2061650656454854,True,0.049222562510888024,0.0,False
-203.767846,500,703.146683,2.2275667391352925,False,0.41040113880579654,0.0,False
119.645676,130,703.354668,0.6758785971618684,True,0.049935704423005454,0.0,False
-111.6266,500,704.118575,2.590199795718609,True,0.049790061641584046,0.0,False
-104.383873,406,707.501075,2.520131925127759,True,0.0486904406957941,0.0,False
10.060794,252,707.886935,1.7793728429781464,True,0.048892961756574774,0.0,False
-99.954889,375,708.456366,1.999101720795073,True,0.049816460150522254,0.0,False
-354.052624,500,709.242475,2.2630417185769525,False,0.5903751526299976,0.0,False
-202.40814,500,710.009568,2.021917038947215,False,0.19558071053269205,0.0,False
1.671182,231,713.11355,1.5092031225251306,True,0.04657932901299057,0.0,False
-62.644636,297,713.587512,1.921054468951777,True,0.04940273367828697,0.0,False
-256.901632,500,714.347613,2.6584368824928326,False,0.06742792085517567,0.0,False
24.393211,490,715.287598,2.1960452585758263,True,0.04879497671082629,0.0,False
43.340126,303,715.767783,1.5401050960691003,True,0.04965436831421819,0.0,False
100.967581,122,715.987033,1.7662381116085697,True,0.046157502619927335,0.0,False
67.170248,254,719.496487,1.2323081140924692,True,0.049924739688270756,0.0,False
-656.883647,500,720.335873,2.2301086425858463,False,1.1938354296229527,0.0,False
-155.078046,500,721.128033,2.0178629742221217,False,0.2185442157640878,0.0,False
-431.262078,500,721.969812,2.072418457031492,False,0.7680563945105202,0.0,False
-227.798792,500,725.78916,2.731887245075425,False,0.17499517179391108,0.0,False
-37.598882,224,726.118053,1.6132847164766992,True,0.04540199917029494,0.0,False
-321.895391,500,726.822525,3.408580985102029,True,0.04804183363571634,0.0,False
-318.160497,500,727.573357,2.3826175992509184,False,0.5073330046337445,0.0,False
17.824995,467,728.318711,1.7857819262934334,True,0.04883357204970471,0.0,False
52.911794,351,731.536353,1.530763211482414,True,0.04989345379950104,0.0,False
12.345155,288,732.052067,1.4691594661538823,True,0.04887368972847302,0.0,False
118.840964,114,732.231007,0.9052048042261871,True,0.04978388990802962,0.0,False
-716.359707,500,733.871992,1.944325491902561,False,1.3369452786725884,0.0,False
61.310428,168,734.142817,1.44978817341198,True,0.046225957037885144,0.0,False
-31.00517,327,734.882664,1.658705159626245,True,0.048916261446365,0.0,False
29.841937,254,735.40486,1.6854823007238058,True,0.04972690597687417,0.0,False
-601.016443,500,739.644458,1.9180548008738527,False,1.0875082313781095,0.0,False
-235.945302,500,740.468412,1.973351846815643,False,0.38662322931943194,0.0,False
61.494038,342,741.040068,1.3639107388537612,True,0.04597912164103894,0.0,False
-292.790712,500,741.880539,2.359212295106935,False,0.5017906042785351,0.0,False
-315.75047,500,742.68256,2.6583516536915917,False,0.37085280755600836,0.0,False
45.53996,161,745.871812,1.647643085697195,True,0.047228030746693746,0.0,False
35.87152,479,746.924041,1.7117234740675222,True,0.049186679528689395,0.0,False
-419.559318,500,747.887455,3.0860010936367632,False,0.5381929774729043,0.0,False
-199.632246,500,748.815559,2.589243153655478,False,0.15392690332855044,0.0,False
-191.200593,397,749.789208,2.7090181703160168,True,0.04841090035034662,0.0,False
49.490541,252,754.181385,1.4165928844029303,True,0.04903997573687483,0.0,False
83.466768,145,754.566389,1.3484532173394204,True,0.045217541318671145,0.0,False
-558.384969,500,755.832644,-0.1113919919310274,False,0.33374899196636754,0.0,False
106.966738,152,756.196979,1.0202714896110228,True,0.04686456390889152,0.0,False
69.339719,225,756.730072,1.0383321222118598,True,0.04824105540880841,0.0,False
43.880026,226,757.26576,1.3453485640222125,True,0.049347305964833985,0.0,False
-279.154704,500,758.493157,2.40713208629587,False,0.47287643646082295,0.0,False
-274.668829,500,763.371336,2.8552057766495644,False,0.21022304432180614,0.0,False
18.082808,500,764.429124,1.9592741561840632,True,0.04792232519099248,0.0,False
63.548673,251,764.949115,1.1579116124971778,True,0.04951206534086596,0.0,False
124.522905,101,765.158759,0.7950197031797438,True,0.04789314181616027,0.0,False
25.13836,184,765.550236,1.3022735860652557,True,0.049340495832161255,0.0,False
90.708048,219,766.052808,0.876003121141228,True,0.04978123356606099,0.0,False
-19.388341,326,766.658646,2.2490592943440286,True,0.04819454458686378,0.0,False
-49.658921,235,770.140413,1.828283376772035,True,0.04869609195485313,0.0,False
76.763124,302,771.883526,1.200648089676253,True,0.04828182164153089,0.0,False
-660.454696,500,772.806323,3.889813470077346,False,0.46924117887045463,0.0,False
-426.223611,500,773.719138,2.7378941234034584,False,0.7337416967909921,0.0,False
72.69462,264,774.187258,1.4236943236755137,True,0.04939951127870554,0.0,False
-180.073323,500,778.024769,3.2234321835725486,False,0.18124536218875756,0.0,False
89.817113,129,778.263402,1.9082834357231577,True,0.04392158329576357,0.0,False
98.406349,140,778.510229,0.9504568365711175,True,0.049881428120607176,0.0,False
-303.942697,500,779.427962,3.3308366994450362,False,0.28390448813563,0.0,False
-319.308851,500,780.336988,2.57684232413442,False,0.30631553825295577,0.0,False
-135.668044,500,781.262673,1.7816507908608326,False,0.16915629850349867,0.0,False
90.22965,228,784.472309,1.1628921232999727,True,0.04992608372535076,0.0,False
-435.87436,500,785.393498,2.194557242132491,False,0.7575276510983735,0.0,False
-338.697008,500,786.325542,3.4787992581740204,False,0.4632682797921054,0.0,False
-374.389583,500,787.240236,3.705930912385461,False,0.38385299276253476,0.0,False
-127.483713,455,788.052932,2.333917193714194,True,0.04893513087218748,0.0,False
81.137923,192,791.211319,0.9905085092439168,True,0.0495761742635497,0.0,False
0.493398,183,791.535933,1.684702662173314,True,0.04392661345537143,0.0,False
43.508178,178,791.853198,1.153534148031504,True,0.045738344043832375,0.0,False
51.611968,448,792.654174,1.7242310639101994,True,0.04878331777058006,0.0,False
25.381019,186,792.988894,1.3720309020669725,True,0.04616423684608724,0.0,False
-20.811848,195,793.335729,1.9606028367241273,True,0.04372964616139607,0.0,False
58.505452,285,793.852352,1.4390683189791824,True,0.04849539986862037,0.0,False
49.078901,263,794.395961,1.3090826508460904,True,0.04923545607542006,0.0,False
-1019.136816,493,797.989949,-2.678992940671831,True,0.04800537222089319,0.0,False
117.421664,104,798.184952,0.819324847869759,True,0.04226714187112488,0.0,False
-182.073057,500,799.098515,2.0633316112938846,False,0.0801157578407364,0.0,False
-245.531743,500,799.995583,2.2142029013642395,False,0.16556388436558897,0.0,False
-211.989376,426,800.770574,3.14768472962495,True,0.04849107707316966,0.0,False
6.14943,199,803.80572,1.4357124768931133,True,0.04717387878720262,0.0,False
8.026301,180,806.032654,1.854720147895048,True,0.04913684702074038,0.0,False
-451.308956,500,806.929794,3.689277083762491,False,0.364906583525676,0.0,False
-108.572722,500,807.903712,1.9599497182812469,False,0.09454013928361334,0.0,False
-167.2051,500,808.937198,2.2260078676118753,False,0.13435292253384673,0.0,False
23.882497,319,809.551914,1.537702998115567,True,0.04619778408768933,0.0,False
29.038982,213,812.834059,1.3503940468839661,True,0.04984943732978514,0.0,False
-110.548278,500,813.796395,2.138976525628853,False,0.06478747741250171,0.0,False
-139.032943,500,814.722113,2.368648934326978,False,0.13377898267928862,0.0,False
-0.248675,311,815.35132,1.7322132505912942,True,0.047174099126527314,0.0,False
-123.837906,500,816.458083,2.1626363361208343,False,0.08076507264185893,0.0,False
23.002275,296,819.963642,1.403540032920111,True,0.049367189828604455,0.0,False
77.629651,141,820.291088,1.4269126273725081,True,0.047370930430817894,0.0,False
60.043845,252,820.747784,1.240076323748646,True,0.048777306667123634,0.0,False
-165.143878,500,821.648114,1.9728564974358596,False,0.08711367172355976,0.0,False
97.212375,135,821.885509,1.6406998759280833,True,0.04246063476057077,0.0,False
52.460928,159,822.184777,1.7178447974044366,True,0.04522624038596371,0.0,False
120.760665,104,822.364666,0.8400650218808179,True,0.049449065499682754,0.0,False
-21.401289,333,822.974832,2.0218673137015912,True,0.04607982034979139,0.0,False
-136.075477,500,826.634811,1.981827001455552,False,0.1009166239160142,0.0,False
-185.508,500,827.528239,2.3088922168963277,False,0.16907286931728607,0.0,False
107.804111,121,827.746629,1.0914163962552883,True,0.047804809447370575,0.0,False
55.260031,364,828.388244,1.126606215105206,True,0.04991749326426208,0.0,False
76.655542,235,828.798881,1.1653674302124124,True,0.04787694162466199,0.0,False
-115.845828,500,832.373416,1.7462343344924327,False,0.10394366222385251,0.0,False
-133.923301,469,833.21802,3.2173111691911402,True,0.04904894492222017,0.0,False
81.20665,239,833.681067,1.281631017472366,True,0.04705739988022986,0.0,False
74.996336,142,833.944435,1.8777821732604056,True,0.0470861955591072,0.0,False
16.500954,344,834.5534,1.6283472781290864,True,0.04893325572124887,0.0,False
-407.655547,500,835.525247,3.8477581613569374,False,0.5382876683939907,0.0,False
117.241901,116,835.74424,1.094232768547032,True,0.04857540180128835,0.0,False
-269.896899,500,840.526349,2.595029453493304,False,0.177874527215868,0.0,False
-766.864598,500,841.442559,-1.243239102075281,False,0.39521789590736944,0.0,False
-196.699021,500,842.307918,2.4610708878021366,False,0.11912831837268067,0.0,False
-119.434518,389,843.017692,3.0908460531173056,True,0.046715295534654,0.0,False
92.647289,174,843.337595,1.0046555363609324,True,0.04758135615262339,0.0,False
29.807723,299,846.49783,1.4734878210248619,True,0.04610402842221085,0.0,False
-319.378791,500,847.391154,3.5721707970522445,False,0.19427989472374851,0.0,False
8.079919,339,847.981329,1.682323420258258,True,0.04958026151377263,0.0,False
-46.480404,475,848.851173,2.163879671864526,True,0.0484840005419683,0.0,False
-16.691025,215,849.300348,1.7038636801112623,True,0.04815323236667085,0.0,False
90.594555,137,849.548895,1.6009857565270613,True,0.045805792963707,0.0,False
-55.751907,492,853.108593,2.3216531941551053,True,0.04915144084193181,0.0,False
-464.972787,500,853.982594,-2.1307060438297976,False,0.23411437998473136,0.0,False
71.740722,242,854.416449,1.0396054550584939,True,0.049957463158864394,0.0,False
80.80153,133,854.654204,1.6089250508940955,True,0.041937033286962015,0.0,False
91.706988,137,854.902437,1.2745421446634542,True,0.046082839188909264,0.0,False
-468.426241,500,855.803171,5.037698639084974,False,1.1217053717370287,0.0,False
-682.021692,500,859.383562,2.856147459658143,False,1.20613449420087,0.0,False
-182.201775,500,860.249759,2.027343136518035,False,0.05090606820779617,0.0,False
99.612682,136,860.49194,1.497264331771444,True,0.042540633883245305,0.0,False
-2.012877,382,861.179707,1.7545920057062685,True,0.04969707063783518,0.0,False
-242.668254,500,862.083442,2.7090013933737964,False,0.07137264206855468,0.0,False
111.489817,123,862.30454,1.6195196922856132,True,0.04233756270598485,0.0,False
46.001242,347,865.672193,1.4057597526241061,True,0.049545248003478495,0.0,False
-285.140387,500,866.552236,2.426164041667102,False,0.07160941457750054,0.0,False
72.5556,240,866.984052,1.194329641861033,True,0.04787505044736365,0.0,False
-314.443846,500,867.890598,3.695102674018837,True,0.04988021345282045,0.0,False
-143.071728,500,870.302767,1.4145238867582461,False,0.05705913607546116,0.0,False
107.702473,117,870.510048,1.147062207485135,True,0.04967811494961896,0.0,False
-189.387874,500,874.157552,1.9325972280404313,False,0.19986632945686875,0.0,False
-449.982179,500,875.074469,3.5489333648811203,False,0.5156375934931452,0.0,False
-368.011072,500,875.962991,2.374610537235135,False,0.45127463638019527,0.0,False
8.098236,313,876.521185,1.4848236693578667,True,0.047289901116540405,0.0,False
-162.789306,500,880.144621,2.406933345592041,False,0.20522674504185892,0.0,False
-119.822091,500,881.077758,1.6929410562600669,False,0.09851646790512053,0.0,False
-469.719,500,881.983308,3.132275143445589,False,0.778055401132025,0.0,False
94.222981,122,882.210853,2.0056222294525696,True,0.041573915159463654,0.0,False
-272.944719,500,883.096773,3.933490198344762,False,0.31907144191864745,0.0,False
-54.614193,473,886.693844,2.4427053129937244,True,0.04955989415294627,0.0,False
-524.34596,500,887.564154,0.2660285566372631,False,0.41573634581798374,0.0,False
-115.755902,405,888.373996,2.221823709513642,True,0.04655354943624619,0.0,False
123.025009,107,888.564029,0.8317255485135688,True,0.04942869716449534,0.0,False
-7.070828,268,889.042622,1.9208391218231562,True,0.047143667522308204,0.0,False
35.217118,343,889.666884,1.4442850104813165,True,0.04981901299406147,0.0,False
47.483589,251,892.855772,1.3801576202455381,True,0.047799045361136126,0.0,False
-112.337941,500,893.759058,1.9886802812494273,False,0.09892096795487042,0.0,False
39.069247,319,894.362288,1.4463459109040848,True,0.04968301754568456,0.0,False
-540.362964,500,895.312996,-1.4982758105975627,True,0.04669361422273541,0.0,False
-637.548975,500,896.289501,2.9606703742088776,False,1.1141896462460594,0.0,False
-264.794986,500,899.819887,2.2710765507296857,False,0.07722959419969669,0.0,False
44.74991,238,900.247965,1.4102256840432732,True,0.048213886331187304,0.0,False
98.557438,168,900.560787,1.0079441748947313,True,0.0483949530958428,0.0,False
100.767515,183,900.885251,1.3289628396787134,True,0.04993882508796258,0.0,False
-8.799499,321,901.453191,2.008669809628615,True,0.04979952160998475,0.0,False
-66.09978,329,903.257525,2.0449477277196135,True,0.04904940613450296,0.0,False
97.95197,154,903.53784,1.1435435599101507,True,0.04647247617535549,0.0,False
-121.954685,500,907.221287,2.0484926701139505,False,0.1041174950657094,0.0,False
-756.861631,500,908.115252,2.339177932250079,False,1.423237214825315,0.0,False
-328.098152,500,909.027493,3.1760564596778846,False,0.45782588180636513,0.0,False
58.961866,362,909.70994,1.5061142424212772,True,0.04641872300011686,0.0,False
-91.476018,290,910.203169,2.0523352293102706,True,0.04907168046168959,0.0,False
95.974391,208,910.57673,1.0579824709766967,True,0.049080606219800184,0.0,False
-425.198811,500,914.161112,4.214479766729967,False,0.21974453156248888,0.0,False
37.368686,267,914.64766,1.6005668239765605,True,0.04840837199505143,0.0,False
-405.255264,500,915.589548,2.6666324954977862,False,0.4924342655520524,0.0,False
79.408399,206,915.955573,1.11003796964606,True,0.047938075346097876,0.0,False
-141.337414,500,916.866803,2.0544358951965433,False,0.10284570487046998,0.0,False
110.644601,139,919.777938,0.8959925061450649,True,0.04662617708304717,0.0,False
-138.800337,500,920.683036,1.5299501473921164,False,0.08255597265647854,0.0,False
-301.145259,500,921.660351,2.4171429532191424,False,0.43813207928898684,0.0,False
105.60102,139,921.894121,0.878052255079817,True,0.04967659712301018,0.0,False
-149.898958,500,922.796566,1.9642696702041247,False,0.08580235429767395,0.0,False
-3.48171,364,926.299859,1.760490692266103,True,0.04831987308799342,0.0,False
-44.740783,335,926.904726,1.4921491849744797,True,0.04814458255108492,0.0,False
3.737399,321,927.524385,1.89994945971019,True,0.04964656076021304,0.0,False
108.107259,143,927.797242,0.8640055887543654,True,0.049270878520938866,0.0,False
-18.024995,203,928.165496,1.653506056619623,True,0.04871117607794029,0.0,False
-341.170304,500,929.059173,2.4411814218711236,False,0.5963587860261236,0.0,False
49.963254,352,929.677718,1.5326012105586755,True,0.04984168511532333,0.0,False
52.228683,150,929.947048,1.6967710901242319,True,0.045015262399537966,0.0,False
-145.878877,500,933.523713,1.9873568591476365,False,0.12950427530301703,0.0,False
49.146111,257,933.990942,1.5387936431763645,True,0.04993761512266716,0.0,False
46.486844,436,934.799981,1.6854993866090606,True,0.04977771245141744,0.0,False
-732.581361,500,936.940438,2.9509703851489606,False,1.2715035074804872,0.0,False
117.836901,120,937.15839,0.9260667711612534,True,0.047720480856636605,0.0,False
49.843022,137,937.399836,1.9863375213766938,True,0.04901185399718217,0.0,False
-389.7617,500,940.939812,3.1795226529691667,False,0.4017796052197177,0.0,False
44.322712,266,941.414293,1.557322651613487,True,0.049054515078904036,0.0,False
59.171829,250,941.859876,1.4364608772044951,True,0.047712332960205314,0.0,False
23.030794,500,942.775882,1.8111776459973905,True,0.04778697229871426,0.0,False
-357.017985,500,943.684626,2.9698152780564113,False,0.5944985920349,0.0,False
108.077197,109,943.880903,0.8714408773421939,True,0.04418835302083902,0.0,False
130.882284,86,946.691027,0.6148352748354706,True,0.048728462325423716,0.0,False
13.091279,174,947.005061,1.5705548364806476,True,0.048781602661658506,0.0,False
91.373584,144,947.2715,1.3766571821520583,True,0.04629370908141701,0.0,False
59.324176,241,947.689065,1.4210053264311342,True,0.04998290814995804,0.0,False
-129.648577,500,948.563888,2.444682195300478,False,0.22035972226208406,0.0,False
52.325716,231,948.986094,1.3044392004666086,True,0.04981870065500208,0.0,False
122.453446,121,949.209316,0.9669579037273225,True,0.04690593374955054,0.0,False
-207.613244,500,950.097222,2.2121968470331166,False,0.10108730354231421,0.0,False
66.240363,199,953.174325,1.2266535897045399,True,0.04760231465550198,0.0,False
-312.907201,500,954.064246,3.1843859627220827,False,0.12267839290400266,0.0,False
-168.293919,500,954.974336,1.9077001403391922,False,0.07676272863384481,0.0,False
35.892817,289,955.492975,1.6507389548634348,True,0.04767614213811444,0.0,False
15.960612,164,955.803196,1.8792820451914152,True,0.04202329738458127,0.0,False
-149.067522,500,956.70161,1.9103277599244846,False,0.12403424462783429,0.0,False
-15.565127,384,960.017818,1.7333968641841762,True,0.04873272500136172,0.0,False
-0.358037,410,960.777746,1.7988751843183315,True,0.04762270158760487,0.0,False
-262.29179,500,961.664751,2.614512767387091,False,0.44368983617098723,0.0,False
-106.992674,500,962.55728,2.1103108704666877,False,0.12990446761830504,0.0,False
94.141507,259,963.024285,1.1970674302864976,True,0.04895561102585599,0.0,False
-34.397748,258,966.159211,1.7741034086872887,True,0.0488130014672723,0.0,False
-665.506619,500,967.069407,1.2746802216937472,False,1.23244611801617,0.0,False
21.94998,338,968.530848,1.4823761776687048,True,0.048098082019048194,0.0,False
-133.567895,500,969.448101,3.1562596639062566,False,0.10078020393130485,0.0,False
117.721909,115,969.701686,0.7275473324386288,True,0.04861623698301239,0.0,False
-625.758301,500,973.82811,1.1724237577021093,False,1.1695101917219732,0.0,False
43.605746,263,974.303923,1.5883844734211645,True,0.04625357151607388,0.0,False
135.643065,82,974.450141,0.8586457592189151,True,0.0461879045415039,0.0,False
68.042444,243,974.86261,1.2481847933304526,True,0.04868603696085437,0.0,False
62.170808,246,975.305355,1.2016172678437287,True,0.0488933464052277,0.0,False
129.403682,97,975.479878,0.6958143148404603,True,0.04474835079252554,0.0,False
124.364427,118,975.695985,0.6372350619639942,True,0.04667810228041574,0.0,False
-205.975613,500,976.631574,2.1343526308228595,False,0.1433962148288607,0.0,False
-794.34495,500,980.348942,-1.1262775090535533,False,0.5222033034855657,0.0,False
-3.75543,267,980.844044,1.6508431610684293,True,0.04702141658040793,0.0,False
106.638144,121,981.055171,1.24846203987351,True,0.0492195801321151,0.0,False
55.500848,156,981.330805,1.4095263980679915,True,0.047836207869536816,0.0,False
112.637291,119,981.539282,1.1520313666414543,True,0.049130012672379236,0.0,False
-208.708298,381,982.228686,2.1561083246406376,True,0.0459641799558816,0.0,False
112.606174,127,982.447578,0.9661605742589833,True,0.04582586366106032,0.0,False
126.315525,91,982.613773,0.4629114700157642,True,0.04825785206111681,0.0,False
73.592682,158,982.896301,0.8328026411393052,True,0.04988588894093579,0.0,False
-143.410067,500,986.404408,1.7575245975558889,False,0.10798538739191005,0.0,False
-648.46844,500,987.285924,2.840330591695013,False,1.1309529103248142,0.0,False
89.179531,136,987.530907,1.193003020104655,True,0.04610231195002369,0.0,False
-166.892989,500,988.451957,2.90009718468667,False,0.18784934177410265,0.0,False
13.521317,288,988.972799,1.7344169544751071,True,0.04979605790413899,0.0,False
-478.695248,500,989.881244,3.605661666621994,False,0.7312987318854826,0.0,False
34.097733,153,992.903785,2.349261408776072,True,0.046509737573860725,0.0,False
-23.796471,346,993.500855,1.7958555898601436,True,0.04962247205988046,0.0,False
70.383372,202,993.847536,1.5425561643791972,True,0.04596401463452498,0.0,False
-172.622017,500,994.745686,2.678885395840398,False,0.15501777832930563,0.0,False
32.559122,277,995.213801,1.4473859472292407,True,0.04971387854284135,0.0,False
122.194068,120,995.433599,0.7344784148577224,True,0.048965351714814705,0.0,False
-588.595691,500,996.33058,2.2750982381226454,False,1.087517507566184,0.0,False
-192.014685,500,999.943821,2.717885259558292,False,0.060091044362124806,0.0,False
81.239969,199,1000.312792,1.0194170610667292,True,0.04900759309101943,0.0,False
-152.160875,500,1002.086032,2.510571844737054,False,0.15394081980709828,0.0,False
-87.08238,440,1002.872429,2.2472361462732793,True,0.04997432871440348,0.0,False
-380.258428,500,1006.396999,4.570483263541867,False,0.40520096542567186,0.0,False
66.925793,232,1006.823828,1.3153549484255962,True,0.047528671223742505,0.0,False
-256.153098,500,1007.698691,2.6839091690364247,False,0.3405940141929585,0.0,False
21.483416,381,1008.393647,1.7343835020692602,True,0.04885601007765318,0.0,False
36.809941,472,1009.243502,1.6544900751771336,True,0.04999621564630181,0.0,False
-144.758319,339,1009.852585,2.799405029485462,True,0.04948122805592603,0.0,False
115.428171,107,1012.722369,1.820365723771438,True,0.042798814286965865,0.0,False
-443.199681,500,1013.633033,-2.019811360806018,False,0.1562118874293809,0.0,False
101.71219,122,1013.84619,1.595182911831055,True,0.049033349863942546,0.0,False
32.16743,324,1014.502116,2.466041389279466,True,0.04907072030990669,0.0,False
-60.730845,380,1015.182043,3.6181451576513104,True,0.04857194235504617,0.0,False
-135.211368,500,1016.041153,2.2874168712736274,False,0.15212695167331317,0.0,False
-204.221186,500,1019.542162,3.2811070361678465,False,0.2761096070758177,0.0,False
79.605535,187,1019.859537,1.2331474446260764,True,0.04723614496546945,0.0,False
39.600555,357,1020.497389,1.8984877403887672,True,0.04916658128038427,0.0,False
19.742421,340,1021.107937,1.3019539861891143,True,0.048743690674847885,0.0,False
-294.194746,500,1022.004779,3.6160817508974765,False,0.17924956007991713,0.0,False
-568.737963,500,1025.549855,2.1320717955891655,False,1.0120410485183065,0.0,False
-414.846314,500,1026.444453,4.347735102125294,False,0.5687842018859394,0.0,False
142.897082,102,1026.610186,1.3150293283640944,True,0.038819163623476025,0.0,False
93.679627,208,1026.982287,1.384603206791635,True,0.04797184954689421,0.0,False
50.506244,467,1027.812002,1.9392019002728818,True,0.047838044807984585,0.0,False
123.160303,97,1027.990993,0.6539403207689688,True,0.04735737442216154,0.0,False
9.514354,297,1028.524653,1.5206873109597412,True,0.04955641771236468,0.0,False
111.756714,117,1028.73239,1.1896241761243573,True,0.04591132740181943,0.0,False
48.87617,361,1032.179256,1.522494011488345,True,0.04694889912626303,0.0,False
24.231775,206,1032.546683,1.4192158480205908,True,0.049610351840787104,0.0,False
-277.225338,500,1034.424495,2.713845150871916,False,0.18013635173668344,0.0,False
19.281325,283,1034.945961,1.6140317566574414,True,0.04837611233222903,0.0,False
120.597645,112,1035.162087,0.5580041514605851,True,0.049700939124131614,0.0,False
-538.337353,500,1036.059367,-0.9693092369493614,False,0.286406402256863,0.0,False
128.807582,117,1036.278784,0.7512711858338967,True,0.048833415387056184,0.0,False
108.702068,123,1039.103158,0.8510358453898648,True,0.049036347774185904,0.0,False
69.764449,253,1039.559093,1.0020321183668979,True,0.04982539872125679,0.0,False
-51.420506,229,1039.973352,1.797425261325825,True,0.048877045312212174,0.0,False
124.493552,109,1040.169148,1.105913581642782,True,0.047578933283482595,0.0,False
-473.248992,500,1041.083554,2.085443362825665,True,0.048211945800199774,0.0,False
-555.06957,500,1041.974239,2.2249380739860873,False,1.001690109661819,0.0,False
-100.16129,500,1045.619322,1.7696301097866363,False,0.1453380596443212,0.0,False
-534.869344,500,1046.500806,-0.7534704853606,False,0.3289515719352763,0.0,False
104.563845,154,1046.765731,1.0498409117518168,True,0.04905526422887492,0.0,False
109.97048,134,1046.997876,1.1276584805964212,True,0.045401732417480335,0.0,False
-40.490476,249,1047.438672,1.838947026332499,True,0.04993393996857049,0.0,False
4.137126,340,1048.037561,1.806748410715498,True,0.0493291577430144,0.0,False
9.501021,338,1048.638942,1.7075455643098059,True,0.049880944351103185,0.0,False
74.256143,152,1048.904783,1.536100132767955,True,0.049368245304314766,0.0,False
108.466164,109,1051.784013,1.701823958513438,True,0.04480618604483807,0.0,False
50.571047,235,1052.215958,1.413239896859024,True,0.04795516213089901,0.0,False
84.341659,196,1052.562478,1.3227549594482575,True,0.04712703153682755,0.0,False
3.340192,408,1053.304553,2.1755923472687195,True,0.049486377479756,0.0,False
60.168235,154,1053.579725,1.400738840126834,True,0.04782097400489544,0.0,False
26.568887,173,1053.895338,1.5496952301168971,True,0.049709157599720756,0.0,False
63.493723,142,1054.159317,1.6862890998879037,True,0.04358550222708606,0.0,False
37.661771,230,1054.573989,1.4943028813542232,True,0.049080956395143926,0.0,False
-187.57801,442,1055.367518,3.300215017573724,True,0.04890237424499738,0.0,False
75.674003,122,1058.290563,1.6958807654110741,True,0.049635591223199584,0.0,False
49.623222,256,1058.720204,1.4292003336762331,True,0.049492957501357425,0.0,False
-469.48793,500,1059.591811,2.4233849970194625,False,0.7711803760792955,0.0,False
118.441464,118,1059.80091,0.747875961357969,True,0.04876761564745851,0.0,False
-386.987323,500,1060.680107,2.6488428161000854,False,0.6331248544805959,0.0,False
31.825033,294,1061.214806,1.4656013988906076,True,0.048510529273418417,0.0,False
36.299506,335,1064.441035,1.641514561139398,True,0.04942098865149596,0.0,False
20.406989,289,1065.581217,1.7143695596438855,True,0.049586590469511645,0.0,False
54.020405,155,1065.855449,2.1568552013733493,True,0.042081193844201406,0.0,False
-386.587841,500,1066.738049,3.504669397494796,False,0.24670371227734642,0.0,False
-2.650672,169,1067.036005,2.186662913878678,True,0.040953283134715246,0.0,False
-184.980813,458,1067.834852,3.1995626300772004,True,0.04959871276805327,0.0,False
38.599216,162,1068.119133,1.4700625419505793,True,0.04488079493923548,0.0,False
60.879879,222,1068.497691,1.1201898725627115,True,0.047418764510293435,0.0,False
-221.447605,500,1072.014025,2.598076982873609,False,0.1353956366445155,0.0,False
-385.92042,500,1072.908098,2.6639064598870017,False,0.6716509559741518,0.0,False
-7.020076,195,1073.32672,1.8609298642691465,True,0.049103162694507124,0.0,False
56.060554,146,1073.584311,1.738831526433471,True,0.04473286025860232,0.0,False
78.978928,188,1073.906519,1.4735702760982587,True,0.04757738937111994,0.0,False
97.082105,181,1074.217953,1.1942738751228432,True,0.0493018100033427,0.0,False
-25.172354,205,1074.57216,1.8565637814723623,True,0.04944927947820315,0.0,False
61.09533,194,1074.910273,1.2394989422162703,True,0.047877308850116033,0.0,False
-271.333928,500,1078.480803,3.0525071406723128,False,0.19915249921533248,0.0,False
-570.743792,500,1079.374763,2.3412480786527468,False,0.8975708812699775,0.0,False
103.640722,114,1079.557443,1.6538167127724683,True,0.04531724834645308,0.0,False
108.859771,118,1079.768214,1.700322555879619,True,0.04284514949546321,0.0,False
-8.082509,500,1080.646355,2.2066533359344658,True,0.047638589757831126,0.0,False
-35.929761,199,1080.997529,1.9937071423025634,True,0.04832483110090441,0.0,False
-552.286557,500,1084.563827,3.2285660886191296,False,0.8914810021015216,0.0,False
12.761463,277,1085.062068,1.5026017338031528,True,0.04927833049226238,0.0,False
-71.701042,310,1085.624685,1.6101571659518463,True,0.049319490074257934,0.0,False
84.653857,124,1085.841642,1.8106209664711337,True,0.045825539531188134,0.0,False
36.373841,274,1086.327428,1.574938788852537,True,0.04883668205124631,0.0,False
113.577813,116,1086.537067,1.3912978585353686,True,0.04846440832840087,0.0,False
33.289118,169,1086.846886,1.4215969970244164,True,0.047435811813747994,0.0,False
12.500624,281,1087.353641,1.7418500039899754,True,0.04773854607889301,0.0,False
65.666712,228,1090.420607,0.7910131363244883,True,0.0466102098253571,0.0,False
-14.87663,199,1090.760798,1.4800141953872894,True,0.046633353235266524,0.0,False
36.156467,214,1091.14391,1.5443569703066773,True,0.048918557721010544,0.0,False
-855.736054,500,1092.029277,0.9815886976689074,False,0.8708555147284976,0.0,False
-180.124898,500,1092.921552,1.8088643633338508,False,0.2540047013226338,0.0,False
45.143917,212,1093.295726,1.3897165161952625,True,0.04949910925678902,0.0,False
65.935724,238,1093.728939,1.2205611633830957,True,0.047396437013007865,0.0,False
93.480561,171,1097.937683,0.9801405838107108,True,0.04954548571765985,0.0,False
-87.632851,489,1098.822303,3.3925099009726862,True,0.04715576531500538,0.0,False
0.727146,185,1099.16484,1.826170140129371,True,0.044761930737526316,0.0,False
-40.965276,498,1100.049525,1.9440950375876886,True,0.04889756244868576,0.0,False
81.905917,175,1100.346128,1.1255796590812948,True,0.04921023293510953,0.0,False
-141.804475,348,1100.952214,3.025348738611561,True,0.04892141998443657,0.0,False
-198.518844,500,1104.56883,2.09319597246083,False,0.24818344472177806,0.0,False
7.51429,291,1105.121454,1.767646482530444,True,0.04675404793457539,0.0,False
-433.820689,500,1106.026173,2.904795781638186,False,0.6672756238562365,0.0,False
82.918472,138,1106.285259,1.466126636076416,True,0.043425487621945036,0.0,False
85.666417,193,1106.642934,1.35295863546811,True,0.04858230988808583,0.0,False
-191.205172,500,1107.558358,3.4442892170109887,False,0.21143228965081293,0.0,False
-269.484976,500,1111.103832,2.982763255391516,False,0.4408595649437698,0.0,False
-243.752087,500,1111.958374,3.010733512613108,False,0.06873884496635085,0.0,False
-3.021501,439,1112.727743,1.9673857648120694,True,0.04913658789089845,0.0,False
122.015081,112,1112.93641,0.7484676068194654,True,0.04931672263126993,0.0,False
91.76913,181,1113.241467,1.2189276255909958,True,0.04772418234878465,0.0,False
53.999055,242,1113.669077,1.1555741244285926,True,0.04980042367191326,0.0,False
-408.452486,500,1117.273804,4.112209199516821,False,0.3818953921883626,0.0,False
104.483769,116,1117.488431,1.5729446472232531,True,0.04962218012894878,0.0,False
-376.09941,500,1118.464745,4.954852608205651,False,0.31289695317990635,0.0,False
47.283296,276,1118.95391,1.3276093844758403,True,0.04988130690193156,0.0,False
-1.255719,249,1119.401231,1.4960779917374911,True,0.049559991185459715,0.0,False
-122.669988,321,1119.991637,1.9255721722109163,True,0.04842261340868565,0.0,False
118.922339,104,1120.178076,0.6877452021799095,True,0.04951787449680964,0.0,False
88.419957,183,1120.498771,2.1014904085861774,True,0.04938226766118517,0.0,False
-17.269013,184,1123.4764,2.1125320994450907,True,0.048106637777898434,0.0,False
105.703658,210,1123.836156,0.9644661365645227,True,0.04864986364049065,0.0,False
22.769729,290,1124.361304,1.2843073249036823,True,0.048679512264898556,0.0,False
11.07044,180,1124.685397,1.5199257287677312,True,0.04830816160585081,0.0,False
-542.528447,500,1125.58031,3.5890622953595557,False,0.16031710821998715,0.0,False
-16.868207,344,1126.212534,1.597211952327304,True,0.0490045918521463,0.0,False
92.924679,183,1126.556177,1.347344814271723,True,0.04833380050810122,0.0,False
-357.839648,500,1131.113375,2.6353031067673776,False,0.19371416039533443,0.0,False
29.690246,165,1131.406418,1.72298042690854,True,0.04152970867803898,0.0,False
57.228334,247,1131.832038,1.7299942681092029,True,0.04579920063918504,0.0,False
-562.843304,500,1132.708651,2.75348042426915,False,1.0303704385692938,0.0,False
76.804882,207,1133.082793,1.2651314834423226,True,0.04475677231965015,0.0,False
70.773582,197,1133.426112,1.069403246818921,True,0.049541917508852215,0.0,False
61.039573,221,1133.801685,1.280023117864066,True,0.04958036447386452,0.0,False
-157.307401,500,1137.41229,3.020885586827383,False,0.07701627071162166,0.0,False
63.147321,202,1137.779924,1.125219561618048,True,0.049959046033801864,0.0,False
59.359322,203,1138.144111,1.6260379408105916,True,0.04713594799929794,0.0,False
-26.955838,182,1138.458672,2.3560097988949606,True,0.04541754601356755,0.0,False
-15.148113,166,1138.752545,2.1006767399886646,True,0.04718185184984151,0.0,False
18.876619,137,1138.988166,1.653958203886673,True,0.04572784813641091,0.0,False
-3.852769,292,1139.510221,1.5516764265822505,True,0.04898787695814811,0.0,False
94.330813,138,1139.738544,1.460770907943365,True,0.04087464373503852,0.0,False
78.598252,202,1140.098462,1.0235847204989164,True,0.04986351505472783,0.0,False
87.504743,225,1140.493954,1.0999275041200995,True,0.048144012543184754,0.0,False
71.526269,148,1143.37821,1.5235653041312807,True,0.04642467410644251,0.0,False
56.293107,153,1143.655136,1.9206401416480179,True,0.046508401938300595,0.0,False
-170.647443,500,1144.496441,2.6031614981474402,False,0.08059553693591752,0.0,False
76.624521,121,1144.71085,1.3605817818212478,True,0.046825001680642,0.0,False
-265.452944,500,1145.594207,2.121446937338897,False,0.5588566629258049,0.0,False
-531.764187,500,1146.4778,1.2325752701010633,False,0.9395578169039471,0.0,False
60.149976,372,1149.761518,1.6171638820748777,True,0.04956433905369575,0.0,False
123.496633,104,1149.945766,0.7650254844849027,True,0.04998802531245465,0.0,False
-82.279773,265,1150.477184,2.0006627156083843,True,0.0494115130238892,0.0,False
-115.09358,500,1151.369872,2.524239828693437,False,0.12632912952088718,0.0,False
101.805026,165,1151.657413,1.1425115946848672,True,0.04775875941107509,0.0,False
63.589983,224,1152.043817,1.2583015607503847,True,0.04930246647227279,0.0,False
-384.721674,500,1152.938278,3.1232274072340616,False,0.5985898319547859,0.0,False
59.524831,398,1156.290722,2.4978833722731197,True,0.048124326197267774,0.0,False
49.390538,155,1156.557056,2.005680724477296,True,0.04661164753864766,0.0,False
65.137851,198,1156.916508,1.3910128451539394,True,0.045731849044824635,0.0,False
89.326439,252,1157.338608,1.0426325802829322,True,0.049398241222964476,0.0,False
-458.009732,500,1158.227544,0.5683021731156315,True,0.04953719542460647,0.0,False
48.643235,155,1158.491157,1.4715484789029305,True,0.043127096038683796,0.0,False
-471.834898,500,1163.427,-1.6917016938828506,False,0.0936475098335028,0.0,False
-20.852044,298,1163.964123,2.438577253744327,True,0.04912373585627992,0.0,False
98.592542,166,1164.262902,0.9210021096256437,True,0.047994651423594076,0.0,False
37.021468,131,1164.490138,2.4566979882145894,True,0.04718044961777236,0.0,False
45.804132,166,1164.800837,1.3124589456007896,True,0.04592777992746257,0.0,False
82.535623,217,1165.264163,1.1500152426621522,True,0.045108646547046605,0.0,False
59.644838,221,1165.667025,1.1270577631653942,True,0.049832982120483836,0.0,False
-121.6702,500,1166.540548,2.041920676244807,False,0.09478627207187294,0.0,False
-561.683138,500,1170.112609,2.223354099996331,False,0.9579833665853417,0.0,False
-95.559249,290,1170.647213,2.1825777220009424,True,0.04804319281797269,0.0,False
83.030486,231,1171.061871,1.0885499362350963,True,0.04909531111273202,0.0,False
0.107503,338,1171.681523,2.796490277173182,True,0.049794741795339444,0.0,False
-114.220116,500,1172.597797,1.852889461317646,False,0.09204796165559849,0.0,False
38.579969,260,1173.073973,1.4271353413148524,True,0.04968926881985809,0.0,False
73.477611,202,1173.427164,1.1950226862207756,True,0.04914838902356849,0.0,False
117.058503,114,1176.253562,0.847911152532901,True,0.04835380018198156,0.0,False
108.539323,124,1176.473751,1.0187886719596269,True,0.04911152980997014,0.0,False
46.365428,429,1177.236863,1.536313768823716,True,0.04930097695208789,0.0,False
-24.367578,219,1177.624899,1.6941187754616112,True,0.0490587481028055,0.0,False
62.159255,154,1177.899484,2.1635736745788625,True,0.04706709936904893,0.0,False
-423.93552,500,1178.810092,2.891367338287238,False,0.6888807402042197,0.0,False
53.618731,344,1179.432038,1.5427929167295293,True,0.04556496223614804,0.0,False
46.652053,217,1182.583197,1.397000566323568,True,0.0492002335424478,0.0,False
-346.669022,417,1183.322601,-1.4242510793287573,True,0.0494959937985597,0.0,False
-114.936308,500,1184.209731,1.9560719717740582,False,0.08349567258715021,0.0,False
-0.521013,187,1184.543297,1.788866093164134,True,0.04761604337665964,0.0,False
-23.78338,295,1185.071705,1.6567763895917798,True,0.049922529954246286,0.0,False
-110.863835,500,1185.967245,2.238960519972061,False,0.09196669416938742,0.0,False
104.712856,123,1186.199065,1.0224857393411482,True,0.04538143436294534,0.0,False
-73.020915,222,1189.210613,1.9948379360766055,True,0.04908910931149452,0.0,False
57.059469,244,1189.635082,1.2604982218828813,True,0.047276838944512706,0.0,False
-491.996185,500,1190.545389,3.2375907270360256,False,0.7309197297091611,0.0,False
49.010088,254,1191.027544,1.2058784248021543,True,0.047016366838435374,0.0,False
-582.675736,500,1192.998193,-1.8868549850733258,False,0.39267899372695164,0.0,False
112.103562,136,1193.241198,0.9485034147409713,True,0.04639360716527456,0.0,False
-121.452466,500,1196.79539,2.2067190409153006,False,0.26997299519800605,0.0,False
-489.399665,500,1197.685115,3.2319957239638213,False,0.7751088327490019,0.0,False
-166.996651,500,1198.672274,1.7919815945563196,False,0.1452846748439394,0.0,False
-367.682636,500,1199.563457,3.961988862241363,False,0.41283779903755036,0.0,False
-475.573252,500,1203.154156,4.449529610810322,False,0.9233223244317598,0.0,False
2.301384,495,1204.030351,2.5327321175798,True,0.04884810156347353,0.0,False
-22.208166,394,1204.760648,2.90909666733666,True,0.04870451656082001,0.0,False
16.551666,144,1205.018356,2.819857586312237,True,0.0422613783002865,0.0,False
-470.423415,500,1205.92088,2.687764480407154,False,0.8034768776219527,0.0,False
11.30961,429,1209.240418,2.5300360248785188,True,0.04592833220507496,0.0,False
-27.293939,215,1209.615516,1.4675536711980055,True,0.049335727329513676,0.0,False
64.810229,142,1209.858938,2.638956828313288,True,0.04432328833146442,0.0,False
-67.732988,290,1210.353298,3.004873935494443,True,0.04913578921897236,0.0,False
90.818221,137,1210.599749,1.5513885926303126,True,0.04059357626438133,0.0,False
100.612684,113,1210.79937,1.6501764968686263,True,0.045918572042663426,0.0,False
99.454465,125,1211.030216,1.4359993966590365,True,0.04842121043458502,0.0,False
-19.036023,321,1211.590888,2.6100990430310493,True,0.04758315354317242,0.0,False
126.285435,62,1211.698569,0.8327615009836019,True,0.04479564578955231,0.0,False
18.374526,180,1212.01191,1.391410548726208,True,0.04964978014500212,0.0,False
-303.089021,500,1215.712533,2.903701520386362,False,0.16720275460956902,0.0,False
80.542042,163,1216.000551,1.123238217739038,True,0.048956781131689796,0.0,False
131.162707,73,1216.136699,0.7630850445926409,True,0.04323071633355456,0.0,False
55.620806,148,1216.401935,1.4687994233726307,True,0.04402260945594079,0.0,False
-132.02606,500,1217.28438,2.0487412120645936,False,0.24431153300411568,0.0,False
90.156549,132,1217.51442,1.1707658706331892,True,0.04423412762162737,0.0,False
9.041386,304,1218.042486,1.680598233375524,True,0.04913293641080692,0.0,False
-123.23529,500,1218.895799,2.0402757758444086,False,0.1430147615708029,0.0,False
112.034105,108,1221.6801,1.221811445005995,True,0.04524856640007857,0.0,False
81.902765,118,1221.879405,1.3133600736564996,True,0.0491569431491021,0.0,False
-316.111212,500,1222.759031,2.040777171298476,False,0.5318079000448499,0.0,False
82.825723,133,1222.992784,1.4652921573324442,True,0.049837699550397706,0.0,False
27.207701,296,1224.713406,1.3682420731639315,True,0.04896821389439298,0.0,False
-27.465345,302,1225.231018,1.8256848754423558,True,0.04932259068111962,0.0,False
63.002387,270,1225.70311,1.379300452946887,True,0.04893535098937402,0.0,False
-758.979239,500,1229.165838,1.7975119282300633,False,1.4199341048672474,0.0,False
-36.893776,404,1229.858649,2.5883828642905207,True,0.04998286807187017,0.0,False
90.350049,116,1230.068148,1.7956351177202212,True,0.04828199080242249,0.0,False
-240.972833,500,1231.004438,2.47696477943967,False,0.13813127554514965,0.0,False
28.067529,147,1231.261395,1.941444627968138,True,0.049515297892732305,0.0,False
-6.937649,346,1231.865335,2.6399332083961133,True,0.04722202707291953,0.0,False
-160.812477,500,1235.348986,2.251811263309591,False,0.1813799475335321,0.0,False
55.500045,259,1235.818495,1.505171068601445,True,0.04811845306907814,0.0,False
24.863221,159,1236.089108,1.7173922777790973,True,0.04501879549355454,0.0,False
-56.502208,203,1236.442697,2.0010583611202155,True,0.04571607486257831,0.0,False
-125.790602,500,1237.320599,2.029967004789056,False,0.23451523122743662,0.0,False
32.498124,360,1237.941281,1.5587683795711882,True,0.048992711178579965,0.0,False
-258.346031,500,1241.413762,4.551381312626111,False,0.23095597719861305,0.0,False
36.486011,232,1241.809354,1.8078683118139027,True,0.04821055433811469,0.0,False
-153.190749,432,1242.557744,2.917448920466124,True,0.04940365965857278,0.0,False
-323.93676,500,1243.436939,3.0992044241968384,False,0.14810149214983923,0.0,False
36.647394,213,1243.82809,1.3054183249281281,True,0.047113503079119316,0.0,False
-318.072317,500,1244.68242,2.236799317089484,False,0.5255772389545323,0.0,False
56.759811,223,1247.926376,1.4174542035665645,True,0.04989363666478795,0.0,False
65.178163,142,1248.197643,1.222387626851754,True,0.04808157489593528,0.0,False
60.679626,192,1248.541398,1.3909154696165074,True,0.04850098607604081,0.0,False
-120.136466,230,1248.971244,1.388435143041217,True,0.040248980345272405,0.0,False
-95.630946,500,1249.878796,2.1453269464095426,False,0.1722271424620305,0.0,False
-173.268833,500,1250.772135,2.187730188896422,False,0.23727550774467993,0.0,False
-35.724394,201,1251.117437,1.8382849549854896,True,0.04937466059140237,0.0,False
-401.415524,361,1254.320592,-0.8832428313156893,True,0.049698316113616026,0.0,False
-256.194069,500,1255.204932,3.2252080896414443,False,0.07606086003869884,0.0,False
49.069883,138,1255.443519,1.6018642007210873,True,0.0463341450300008,0.0,False
121.250685,119,1257.142562,0.8982946147234931,True,0.04912399460965393,0.0,False
31.340639,158,1257.425424,2.2561139850458107,True,0.04633383134549334,0.0,False
-41.204711,356,1258.048654,2.058195827099518,True,0.04986411834699498,0.0,False
-112.047795,255,1258.509749,2.2032544996240664,True,0.04850887074140568,0.0,False
-306.522617,500,1261.958227,3.000790774301304,False,0.14836888454250022,0.0,False
13.956033,300,1262.543523,1.6940967555221964,True,0.04894802103258482,0.0,False
3.870213,286,1263.050444,1.8687775001922933,True,0.04895076328763808,0.0,False
52.444973,311,1263.611038,1.4513536762211532,True,0.04941876341875791,0.0,False
-47.3286,211,1263.981425,1.9005343920970579,True,0.04887255032224986,0.0,False
74.562589,237,1264.410192,1.6914100218964634,True,0.049907780100001915,0.0,False
-317.930323,500,1265.297697,2.3151802012373013,False,0.5213725790554032,0.0,False
-194.922045,500,1268.761388,3.0004317010156414,False,0.2223411368153418,0.0,False
41.623391,262,1269.219116,1.481782533279346,True,0.04428903638561985,0.0,False
104.35195,111,1269.41099,1.1408614845840137,True,0.04699800675122153,0.0,False
-333.301734,500,1270.285483,2.957618127350179,False,0.09038542905176558,0.0,False
-40.508457,459,1271.111567,2.983770620327217,True,0.0497268011936099,0.0,False
-247.021376,500,1274.577279,2.21344059951019,False,0.40721784418761775,0.0,False
64.736964,117,1274.784769,1.738384389042078,True,0.04773495915184197,0.0,False
29.259852,223,1275.177948,1.4477159288969772,True,0.04891387996277904,0.0,False
109.903641,108,1275.37133,1.0399179708393502,True,0.049146564719770164,0.0,False
-207.386652,500,1276.23558,2.9409249815074565,False,0.20506861008335625,0.0,False
63.242784,225,1276.637746,1.454541485354299,True,0.04928931495483803,0.0,False
-46.415844,290,1277.147899,2.064117960304912,True,0.049239882967992275,0.0,False
89.6865,166,1277.445168,0.9990312232395303,True,0.047955344015058764,0.0,False
35.34529,142,1277.689111,2.822097453265659,True,0.03969188796421676,0.0,False
-4.512759,199,1280.686969,1.41814158064828,True,0.04589360758525937,0.0,False
-106.599618,500,1281.54505,1.9603548804292932,False,0.10202848520650441,0.0,False
111.376481,149,1281.807996,1.069970258543163,True,0.04892036130376694,0.0,False
-506.156973,500,1282.662496,3.2026172717122954,False,0.851980810205883,0.0,False
-0.912863,188,1282.986433,1.7987439433095103,True,0.04749965341163008,0.0,False
1.180681,340,1283.570625,2.050032547524546,True,0.049307052549462896,0.0,False
104.859672,95,1283.741763,0.8780620774983166,True,0.04816342894285967,0.0,False
-18.253479,295,1286.844219,2.0321689864691383,True,0.04914820260367045,0.0,False
-60.376202,218,1287.222163,2.6342898959218477,True,0.04545069896277974,0.0,False
78.113688,218,1287.618605,1.1374183315054487,True,0.049515151019089085,0.0,False
76.133154,202,1288.778251,1.1233173963349614,True,0.049573127249513814,0.0,False
-198.631212,500,1289.663382,2.14833309104218,False,0.2181659453254694,0.0,False
61.215543,149,1289.918796,1.7261276638113563,True,0.04918533578753149,0.0,False
-87.669938,338,1290.512082,2.2692828146588386,True,0.0454960091891471,0.0,False
-270.926078,500,1293.982657,4.024531271711832,False,0.07574949088551429,0.0,False
88.960556,225,1294.399332,0.7632287171739881,True,0.049160048923184846,0.0,False
101.543638,153,1294.678631,1.0442243363816626,True,0.04848033360939235,0.0,False
103.244588,197,1295.030981,1.0466921750235898,True,0.04872792570011416,0.0,False
35.917031,131,1295.321826,2.276788604340994,True,0.048531617656455625,0.0,False
121.572435,103,1295.506092,1.289542014758227,True,0.04370514095146618,0.0,False
96.506356,199,1295.862213,1.0848197558500026,True,0.04987282833688085,0.0,False
-153.39698,500,1296.753714,2.6300098593286463,False,0.2039354630715419,0.0,False
-117.16597,500,1300.221592,1.6755933692493914,False,0.05661889280577658,0.0,False
88.891995,133,1300.443836,1.7811073890168887,True,0.0465724858917565,0.0,False
111.786076,108,1300.634697,1.098796182000359,True,0.04561014474482443,0.0,False
2.332798,365,1301.283879,1.7329692745758647,True,0.048562878412635936,0.0,False
-148.274203,339,1301.855655,2.3098637773561443,True,0.04766577117433694,0.0,False
126.703527,98,1302.020274,0.9367426183077254,True,0.04675180266343333,0.0,False
50.912662,243,1302.451054,1.5018686431931978,True,0.0474577131394374,0.0,False
25.81536,246,1302.881043,1.4091570301331664,True,0.04582515939693796,0.0,False
-31.697981,329,1306.030278,2.0310041508116297,True,0.04964797506406541,0.0,False
-112.938439,500,1306.914363,2.14718601193815,False,0.14584731069496581,0.0,False
-275.00728,500,1307.748491,2.4970548684976364,False,0.14200347095285706,0.0,False
-160.880573,310,1308.30716,2.0349360601122712,True,0.04812752797623846,0.0,False
38.072683,160,1308.581096,1.500268764305642,True,0.049352213275151054,0.0,False
88.503983,115,1308.781644,2.058669007075747,True,0.04073514332039575,0.0,False
71.387666,245,1309.234584,0.8421477340677521,True,0.049766398696041686,0.0,False
-136.635753,500,1312.778994,1.7753840684649247,False,0.15330100426344762,0.0,False
-131.919603,500,1313.664694,2.2142381397705537,False,0.11222823056434078,0.0,False
86.227591,131,1313.895634,1.965931886367147,True,0.04019354313487627,0.0,False
-44.832755,201,1314.242292,1.9350101218297566,True,0.04832854061607003,0.0,False
114.143689,118,1314.442506,1.2474725225244305,True,0.044359372456192175,0.0,False
-386.124944,500,1315.326754,3.5245816841217614,False,0.1320321671757599,0.0,False
104.207547,229,1315.734873,1.4441665611959404,True,0.04829853454605899,0.0,False
5.198256,456,1319.221355,2.0946344224112874,True,0.04741913809499996,0.0,False
62.168051,194,1321.356065,1.2080150135159036,True,0.04994647163834048,0.0,False
10.660674,163,1321.680727,2.1314435064075634,True,0.044130224440226136,0.0,False
47.044389,133,1322.003611,1.5736858464026857,True,0.04955102125447745,0.0,False
78.332875,118,1322.235167,1.2793203723913644,True,0.049351761492304115,0.0,False
-189.04174,500,1323.14818,2.9140273829778094,False,0.25267147350896346,0.0,False
-172.019788,343,1323.751751,2.1437421597464903,True,0.04744189292309879,0.0,False
73.61418,168,1324.057804,1.314056178782077,True,0.048146800128342375,0.0,False
87.384951,133,1326.881753,1.6344451007534342,True,0.047717374673386714,0.0,False
-240.549521,500,1327.823128,2.3576027423794748,False,0.1599201012887992,0.0,False
-67.349471,275,1328.317442,2.679968999156703,True,0.04878484767200594,0.0,False
72.20366,351,1328.942213,1.571911411558892,True,0.04971834675068199,0.0,False
75.007488,119,1329.176307,2.0541425188293787,True,0.048361937737242046,0.0,False
79.628311,110,1329.386323,1.4095695011632003,True,0.0430893269095813,0.0,False
-14.255025,274,1329.894475,3.1577370363706065,True,0.0498822035225363,0.0,False
9.102528,157,1330.198032,2.107332327539543,True,0.04473378423271561,0.0,False
89.261228,282,1333.616013,1.2579082758447175,True,0.04921601042888269,0.0,False
-98.016839,320,1334.172739,2.0845965207796024,True,0.04868500370440847,0.0,False
47.555402,207,1334.524477,1.498983769623153,True,0.04867084194346592,0.0,False
28.463056,274,1334.995484,1.7521165020612204,True,0.047701661921272315,0.0,False
25.037036,255,1335.435998,1.589881274376492,True,0.048937044064676215,0.0,False
-180.809702,500,1336.303007,4.3789319824736275,False,0.11770399220135914,0.0,False
5.683058,300,1336.793721,2.138252019844314,True,0.0481983851955266,0.0,False
70.494368,166,1339.722908,1.2042098071957228,True,0.049465025211510534,0.0,False
104.171651,189,1340.057905,1.1794437789974752,True,0.04979932669171682,0.0,False
100.844524,221,1340.429501,1.0883801990343411,True,0.04999272099386604,0.0,False
36.346542,229,1340.839563,1.576257089765321,True,0.04972367576083984,0.0,False
-253.275219,500,1341.712633,2.8373525378619666,False,0.38150326043308774,0.0,False
-662.281759,500,1342.605269,1.7912751659582589,False,1.2512415897960323,0.0,False
36.043085,157,1342.914991,2.2368784538055086,True,0.0425610538247487,0.0,False
-259.235216,500,1346.501616,2.20712396469103,False,0.4519095800206614,0.0,False
-180.961848,500,1347.363626,2.3897413552147224,False,0.2530139372553295,0.0,False
89.916653,189,1347.692703,1.1704917742322478,True,0.0493479227882466,0.0,False
61.059678,241,1348.113639,1.347654880725743,True,0.04914532273009468,0.0,False
104.847712,104,1348.3006,0.7148516219842543,True,0.04928698505417211,0.0,False
-5.354898,327,1348.887241,1.6108369918834655,True,0.04780709094955514,0.0,False
-266.20172,500,1352.417471,3.2437960897760516,False,0.07268623666779828,0.0,False
-185.283434,500,1354.216491,2.170367970443209,False,0.10655020674002869,0.0,False
-8.703674,269,1354.689757,1.7361551867507996,True,0.04972086214419859,0.0,False
82.015541,121,1354.905133,2.1600913557576407,True,0.04031555830639576,0.0,False
-29.988532,198,1355.333095,1.7914131666526025,True,0.044915398949626505,0.0,False
-109.030719,500,1356.197177,2.839798283435553,True,0.04771071204621609,0.0,False
64.641539,244,1356.637774,1.1042494091318373,True,0.04970306290364006,0.0,False
90.185774,114,1359.399025,1.888377202994249,True,0.046748632897672095,0.0,False
-117.500143,500,1360.294982,2.8004669519112158,False,0.1351829673538904,0.0,False
90.160624,205,1360.664499,1.6962300861260502,True,0.0471389754594878,0.0,False
98.961428,189,1361.01023,0.9732502110131034,True,0.046376489654203795,0.0,False
-617.429779,500,1361.892936,2.236761754099864,False,1.1207969868728913,0.0,False
33.614404,257,1362.342775,1.5065646883510506,True,0.04709911035422852,0.0,False
-544.106478,500,1365.829036,2.4223692948226967,False,0.9764346224844637,0.0,False
-421.615287,500,1366.732946,-3.7075046465843755,False,0.21375260720837036,0.0,False
-20.144142,191,1367.06118,1.7926918667967227,True,0.04820630728388303,0.0,False
3.050349,339,1367.656583,1.5600399395042706,True,0.049698382038169744,0.0,False
-507.048478,500,1368.539812,2.491234786429476,False,0.8860626334287884,0.0,False
-31.235231,196,1368.900537,2.0802835814600753,True,0.0465058184030258,0.0,False
-269.076782,500,1372.477597,3.5661641121319323,False,0.35094307466944386,0.0,False
54.625274,193,1372.806855,1.410251333124827,True,0.0492059155003418,0.0,False
-407.653885,500,1373.688658,4.4732223274328895,False,0.2755273770482555,0.0,False
18.233044,257,1374.130013,1.8050260345719054,True,0.04909713160530979,0.0,False
-232.585722,500,1374.999967,3.4904823184907086,False,0.13353972861110938,0.0,False
72.105608,177,1375.313171,1.3169286331705101,True,0.04948328604360785,0.0,False
8.255037,265,1378.367359,1.7852510985061643,True,0.04729942741242669,0.0,False
51.698572,297,1378.949644,1.4148898301707795,True,0.04816785892211405,0.0,False
66.06467,244,1379.361794,1.182148672631936,True,0.048175517641738885,0.0,False
-370.061844,500,1380.261534,3.469365977136868,False,0.1769870416403711,0.0,False
-14.913256,156,1380.536836,2.0488297730278946,True,0.048593118836936865,0.0,False
77.630415,121,1380.752141,2.0982405034842,True,0.04863567091376558,0.0,False
-5.906664,255,1381.211749,1.9643469016935056,True,0.04845850983677953,0.0,False
20.585981,155,1381.48268,1.6377065443435659,True,0.04862214890777684,0.0,False
-83.869335,316,1385.847909,2.3602564914342525,True,0.048159470175765516,0.0,False
6.840741,439,1386.605661,2.5071848617401655,True,0.0491157156399698,0.0,False
45.207777,178,1386.921602,1.4769289589187535,True,0.04969686828030976,0.0,False
110.530384,152,1387.245778,0.8667465940924699,True,0.049851250358993626,0.0,False
113.129214,116,1387.442224,0.9774343206979996,True,0.048645176009267106,0.0,False
52.506111,151,1387.702287,1.25276216506072,True,0.04647016639243108,0.0,False
-272.237095,500,1388.563715,4.777666634917677,False,0.2748346932335822,0.0,False
-316.961158,500,1392.034137,2.821330965493495,False,0.490204073703956,0.0,False
-13.888363,179,1392.348852,1.6783473255026031,True,0.044215436618202666,0.0,False
-288.989548,500,1393.215309,2.524574144433204,False,0.4237006232224294,0.0,False
38.691597,131,1393.45192,1.671862638847829,True,0.046704368626132586,0.0,False
-498.848748,500,1394.341083,2.2397965434923575,False,0.8992284682355093,0.0,False
64.660052,346,1394.954808,2.190630989706361,True,0.04944300888885396,0.0,False
128.894354,70,1395.082774,0.6148615815932569,True,0.04705506048581398,0.0,False
-118.732594,500,1398.609692,3.6341735319567414,False,0.06876911688756557,0.0,False
78.855201,221,1399.00458,1.655135180758076,True,0.04780261993311505,0.0,False
27.800356,275,1399.467795,1.6972779606319532,True,0.047423191118020576,0.0,False
-41.191781,361,1400.095402,2.298751165686798,True,0.04965161472608891,0.0,False
128.634139,100,1400.272095,0.9410090113946397,True,0.049705451238510584,0.0,False
-27.683063,500,1401.162907,2.4843064020926464,True,0.04967187197122701,0.0,False
98.494854,207,1401.525712,1.2636235759753112,True,0.049590960860118945,0.0,False
-365.498687,500,1405.090146,3.287841645203463,False,0.4331563877625804,0.0,False
57.413584,116,1405.292368,1.4938885818490506,True,0.04481688687077659,0.0,False
103.043513,117,1405.494297,1.1341170060966013,True,0.042384368739466965,0.0,False
110.173246,113,1405.687504,1.3719669682798572,True,0.04144174735001303,0.0,False
82.911147,182,1406.015501,1.388711911300677,True,0.048836190860923834,0.0,False
-48.354543,40,1406.08384,-1.89030634653757,True,0.030385717819510893,0.0,False
-0.286088,181,1406.401918,1.9928529270242903,True,0.04863158625131886,0.0,False
-258.499834,500,1407.296944,1.7896065410340527,False,0.5189076332475331,0.0,False
-194.850059,500,1410.83812,3.0808437752267643,False,0.15944811580408752,0.0,False
6.095494,151,1411.11231,1.9484070479623417,True,0.049275700535696174,0.0,False
51.395743,213,1411.496452,1.3775647733765324,True,0.047618955778673276,0.0,False
-4.196511,329,1412.06372,1.7953076075057208,True,0.04975135922105059,0.0,False
47.379442,227,1412.463278,1.2570369398974544,True,0.04963565655283075,0.0,False
116.979933,155,1412.744029,1.3277435289780477,True,0.04939741409337055,0.0,False
51.747158,219,1413.137199,1.4249410548622834,True,0.04831702629740165,0.0,False
92.223896,146,1413.387311,0.9194176591063952,True,0.04917039717216476,0.0,False
111.350781,112,1413.585978,1.0372602915044857,True,0.043367783284261906,0.0,False
72.223506,358,1417.34478,1.5516854178577413,True,0.049561064226314004,0.0,False
57.856827,191,1417.681953,1.1017968897852486,True,0.04921313673181511,0.0,False
124.614909,85,1417.832368,0.7849063945508205,True,0.048564795787679686,0.0,False
59.843563,232,1418.231091,1.3187639248857939,True,0.04935694558433162,0.0,False
-115.531291,500,1419.105556,2.1077999738897786,False,0.13996244432712054,0.0,False
97.880828,125,1419.326166,1.3600896528785584,True,0.044599809745317125,0.0,False
-77.249647,452,1420.099785,2.2585098086896744,True,0.04992863704037776,0.0,False
130.368137,101,1420.26979,0.9410942477000387,True,0.043249624124575496,0.0,False
27.308518,240,1420.690387,1.306051231504641,True,0.048478472380018144,0.0,False
113.94866,98,1420.854342,0.9481004570596072,True,0.04826433693078671,0.0,False
126.917176,86,1423.60075,0.779346912402556,True,0.04797180955999823,0.0,False
-470.756566,500,1424.48947,4.189318014651279,False,0.7040773838107541,0.0,False
93.654035,297,1425.032702,1.1981887481463915,True,0.04918876913875112,0.0,False
57.183291,236,1425.454357,1.4758717240484405,True,0.049982599641224396,0.0,False
103.715911,114,1425.652802,0.859435251885499,True,0.04726756491526842,0.0,False
66.08133,154,1425.917431,1.0550051166705883,True,0.048210218242026225,0.0,False
55.386823,258,1426.376896,1.4570703190203298,True,0.0477148658395081,0.0,False
-225.561915,500,1429.861365,2.3528510527511117,False,0.37595100667506504,0.0,False
50.373167,202,1430.213346,1.1446000455112018,True,0.04979114840487965,0.0,False
-693.015919,500,1431.177287,2.1945162653426076,False,1.293263579694477,0.0,False
-53.282845,219,1431.554425,1.8693659661496764,True,0.04922535815796889,0.0,False
51.920396,207,1431.929472,1.3278168619927464,True,0.048234058162791194,0.0,False
109.475352,112,1432.116675,0.8242761622361329,True,0.048921004087726296,0.0,False
122.041209,98,1432.290687,1.5131209513897228,True,0.0391875688544724,0.0,False
32.450501,271,1432.775704,1.7136227152586219,True,0.045081645799609195,0.0,False
-520.091609,500,1436.288059,-0.4467501107335268,True,0.048618031593835535,0.0,False
86.372902,188,1436.618256,1.0526230881655756,True,0.048199961852319215,0.0,False
-665.171732,500,1437.495213,2.6904560449133053,False,1.2189439509214612,0.0,False
98.993605,125,1437.701409,1.0042839177369165,True,0.04752789694047374,0.0,False
105.461268,114,1437.897107,1.439208878608299,True,0.045177265355850676,0.0,False
-343.037728,500,1438.777799,4.173143590009024,False,0.29410530230588594,0.0,False
-315.672269,500,1442.276621,2.5986835371476045,False,0.48309238313925423,0.0,False
-307.425318,500,1443.166788,4.665151971414749,False,0.1766183233080906,0.0,False
-592.595288,500,1444.044871,2.80884616877156,False,0.9972629354910557,0.0,False
-4.462451,290,1444.54051,3.434200856132625,True,0.04905236087450289,0.0,False
64.725551,124,1444.752743,2.016503610082278,True,0.0489431286097095,0.0,False
-81.93787,308,1446.240963,2.001125551322375,True,0.04902823172780996,0.0,False
16.381652,251,1446.679641,1.7762758401210448,True,0.0495146778630877,0.0,False
-68.83967,494,1450.137317,3.845789236585782,True,0.04998491098301523,0.0,False
119.465212,113,1450.33719,0.7673268459270797,True,0.0488047912409131,0.0,False
-419.082431,500,1451.234362,3.4250249361509,False,0.6080846989047194,0.0,False
-395.811708,500,1452.106162,4.07006433401884,False,0.23662375173771738,0.0,False
-24.084616,209,1452.468067,1.8115672337574047,True,0.04823834816366454,0.0,False
102.445127,116,1452.661023,2.208217890684026,True,0.04853351933696457,0.0,False
-68.288373,350,1455.849133,2.211553731029241,True,0.04986525571848496,0.0,False
77.570276,227,1456.248819,1.3527813832846776,True,0.04950308222173959,0.0,False
-85.281596,411,1456.981714,2.5062479503547794,True,0.049034339098564646,0.0,False
-557.839682,500,1457.869821,2.290724826226217,False,1.0467996543400806,0.0,False
-101.818905,263,1458.351362,2.2150039952993876,True,0.04813080938161647,0.0,False
118.598876,92,1458.508754,0.6075921488354177,True,0.04673339030767582,0.0,False
-154.596277,500,1462.078807,2.667530289818974,True,0.04920473871331,0.0,False
-143.408171,370,1462.714119,3.2176460620244938,True,0.049987489219155794,0.0,False
14.933186,159,1462.99501,1.4120460936408288,True,0.04804712945223973,0.0,False
68.487095,208,1463.362815,1.449547740778225,True,0.04973514802486201,0.0,False
96.253249,114,1463.56288,1.2418783997880996,True,0.04859542518092561,0.0,False
-163.314957,500,1464.445979,3.8016639110946784,False,0.08171981287432817,0.0,False
88.027567,127,1464.681715,1.5409354340746413,True,0.041309009727709345,0.0,False
-13.33778,316,1465.222086,1.9911965604531912,True,0.04783773744478123,0.0,False
93.819444,112,1465.424691,2.0438810414680226,True,0.04571787903556856,0.0,False
-131.932136,500,1468.921564,2.5475551100997365,False,0.1374837529627491,0.0,False
46.836738,208,1469.306132,1.304132032089257,True,0.0496993303239546,0.0,False
-34.527857,217,1469.67671,1.9061755804590437,True,0.04881436221555419,0.0,False
-695.726711,500,1470.578366,-1.6323278508496777,False,1.3752421023579864,0.0,False
23.169768,132,1470.814347,2.6603752206130733,True,0.04237766402221648,0.0,False
102.056172,118,1471.031858,1.6800821852570522,True,0.046200126371337406,0.0,False
90.317236,181,1471.351192,1.12123406854564,True,0.0496984034815394,0.0,False
78.952606,131,1471.575213,1.7829826444543533,True,0.047926073392357736,0.0,False
31.820181,242,1474.609072,1.3570370873581985,True,0.04914314907267861,0.0,False
125.153764,92,1474.762354,0.6538699957134771,True,0.049714754853958064,0.0,False
-765.947957,500,1475.714311,-2.893717528997437,False,0.5775888579080298,0.0,False
75.653366,116,1475.922825,1.73377168461203,True,0.044513995847811544,0.0,False
119.269743,108,1476.115132,0.8415829580409269,True,0.04887056244824267,0.0,False
-374.916048,500,1477.95842,3.416140972044322,False,0.5447730330256176,0.0,False
-492.712331,500,1478.858737,2.230354181871815,False,0.8467194678931342,0.0,False
-372.305937,500,1482.358804,4.23950074786634,False,0.5275438324003943,0.0,False
-70.024029,468,1483.185612,3.2141907930787514,True,0.0491770852438285,0.0,False
82.383402,306,1483.755289,1.1577045878507513,True,0.04933662276679599,0.0,False
23.29153,282,1484.244512,1.8208367764781,True,0.04634032689396181,0.0,False
27.699089,496,1485.117153,1.9720328436946493,True,0.04984735124119595,0.0,False
107.953146,157,1488.126789,1.0373077866413192,True,0.047284774621487065,0.0,False
25.928016,220,1488.505433,1.5223126385319572,True,0.04736738996868762,0.0,False
-20.275497,163,1488.785327,2.289092344941553,True,0.047481774412685175,0.0,False
54.621047,230,1489.263612,1.4141978872117569,True,0.04830485797744901,0.0,False
29.715971,138,1489.50103,2.6608187071155074,True,0.04799849130419467,0.0,False
111.729438,104,1489.692559,1.2776432565071003,True,0.041401984291976904,0.0,False
-117.44151,410,1490.414937,2.388460935770131,True,0.04990303579594233,0.0,False
-603.301051,500,1491.30607,3.7499092139242567,False,0.06924136646219861,0.0,False
7.274162,287,1494.415485,1.7711982480264947,True,0.04995822178116173,0.0,False
55.677274,144,1494.675545,1.8864914942366358,True,0.04440887828732415,0.0,False
83.854285,115,1494.895318,2.100607863804849,True,0.04034177604729921,0.0,False
58.507914,199,1495.264936,1.2455120115445193,True,0.04841197939249295,0.0,False
2.400533,181,1495.591019,1.544314534698672,True,0.04796426381315647,0.0,False
110.711238,99,1495.746065,1.032353846320106,True,0.04055808974213801,0.0,False
35.09372,256,1496.210875,1.433034913141842,True,0.049790731455934774,0.0,False
75.005784,134,1496.4361,2.34306519141328,True,0.04541816441891846,0.0,False
-52.232042,208,1496.808247,1.9427569758459002,True,0.04989687344287619,0.0,False
47.693435,220,1497.205938,1.5528519315766096,True,0.04961758438113645,0.0,False
-84.801095,331,1497.786578,2.250060817229268,True,0.048614816391128905,0.0,False
51.054921,199,1500.767293,1.162661134050375,True,0.048104650714468906,0.0,False
91.203043,157,1501.048123,1.0508288077615617,True,0.04796274598162536,0.0,False
3.606834,185,1501.374062,1.586980741581011,True,0.04899767184099111,0.0,False
101.868437,158,1501.658708,0.8912146101754624,True,0.04984435023172345,0.0,False
-38.586622,311,1502.212862,2.276947207702213,True,0.04724296001339645,0.0,False
57.696434,172,1502.513512,1.1712656690890968,True,0.049981259358879794,0.0,False
-131.257999,296,1503.041184,2.4229884212873425,True,0.047239936994113545,0.0,False
74.24381,213,1503.398825,1.3041555385483576,True,0.04891399261434149,0.0,False
10.50756,151,1503.667285,1.8945303120580024,True,0.04264954210393955,0.0,False
92.636082,157,1503.944354,0.9568411470081143,True,0.04909758084086329,0.0,False
60.16286,164,1506.875449,1.0190361874035154,True,0.04802099095803082,0.0,False
-75.490759,422,1507.609462,2.341566094622559,True,0.048764483801962265,0.0,False
96.915069,239,1508.018386,1.2851890895645137,True,0.048384002813816926,0.0,False
-171.233326,500,1509.918572,3.556520154128541,False,0.10536507905223126,0.0,False
114.498949,131,1510.157754,0.8384834319744587,True,0.04996260125909524,0.0,False
103.695658,112,1510.358711,1.3427296054157352,True,0.04251408145501792,0.0,False
42.35136,147,1510.631987,1.8086609651023469,True,0.04685751702692855,0.0,False
-736.499139,500,1514.25623,-4.541252034693942,False,0.13280785801558853,0.0,False
118.072972,103,1514.437085,1.4314954081871107,True,0.047368493218007714,0.0,False
-4.672297,201,1514.80408,1.604946859213211,True,0.04876498550775133,0.0,False
89.771249,110,1515.009568,0.9417238618945659,True,0.045294788029226124,0.0,False
-238.924928,500,1515.898035,2.2643169580387084,False,0.3889487333572935,0.0,False
-580.18669,500,1516.802308,1.7393860506921737,False,1.0672851930279526,0.0,False
-23.927738,299,1517.327665,2.0232995154973246,True,0.04745451857321585,0.0,False
66.20762,223,1517.71607,2.0810331643365423,True,0.049851319528109325,0.0,False
44.167159,156,1520.657523,1.4960906407511105,True,0.04214167529898409,0.0,False
-27.51258,265,1521.124427,1.7253266301404,True,0.0485366544305653,0.0,False
-1.120231,194,1521.467253,1.6626029872539079,True,0.04931100677685549,0.0,False
102.036502,114,1521.67941,1.0905166949173961,True,0.04891659119883631,0.0,False
38.733898,213,1522.060205,1.4604609312095154,True,0.04813363209613407,0.0,False
-67.389685,358,1522.688145,2.260502552207453,True,0.04903652150754384,0.0,False
86.330892,188,1523.040023,1.214527558109154,True,0.049567669016928585,0.0,False
95.698323,175,1523.344935,1.2039206256427861,True,0.04646578843105738,0.0,False
21.978008,214,1523.726364,1.4826951190709061,True,0.04714212008234235,0.0,False
-115.742707,343,1526.9256,2.891560182892326,True,0.049839054857340234,0.0,False
88.631074,122,1527.136599,0.965620720348455,True,0.049950183766199946,0.0,False
-387.116537,500,1528.017382,2.366700308339593,False,0.6867154814810308,0.0,False
-125.437394,500,1528.906405,2.026710738213391,False,0.10551294956187511,0.0,False
60.848966,133,1529.141473,2.6078913117206115,True,0.0401582855623544,0.0,False
92.874194,126,1529.364177,1.4568584067689683,True,0.04629702953133462,0.0,False
30.05203,143,1529.624823,2.051797607841228,True,0.043218519736431676,0.0,False
51.904158,155,1529.900062,1.1852274431707497,True,0.049049339849795356,0.0,False
111.468023,116,1530.114078,1.1962268194507146,True,0.048928481436471265,0.0,False
13.362937,247,1533.300896,1.6214746318279922,True,0.047815440966487405,0.0,False
55.230961,178,1533.610719,1.3682969312465003,True,0.048132094014054105,0.0,False
-229.880912,500,1534.597376,4.373101044313004,False,0.13590292704710444,0.0,False
-105.700435,237,1535.03616,2.458894256655225,True,0.04911285242535992,0.0,False
82.918274,130,1535.267054,1.647512616497531,True,0.04147266922265257,0.0,False
-134.178138,500,1536.13748,2.1941886584930868,False,0.09548848876380407,0.0,False
110.846913,107,1536.333518,1.0102807090048718,True,0.045451606627278665,0.0,False
-309.086464,500,1539.806413,2.747464863964911,False,0.49378203096584755,0.0,False
33.471425,142,1540.056849,2.181842341836963,True,0.04917849937621961,0.0,False
-90.678105,358,1540.675776,2.9859786258917347,True,0.04632259860517772,0.0,False
-115.419459,302,1541.71855,2.2393971716977132,True,0.04825533632143211,0.0,False
73.083552,132,1541.954386,1.6692957046419088,True,0.04968918667704678,0.0,False
66.790884,131,1542.194255,2.248243459282026,True,0.04923681115557457,0.0,False
-19.128913,375,1542.821637,2.018396974394817,True,0.048204667302335316,0.0,False
-234.29948,500,1546.347725,3.626796212344838,False,0.12476064672810906,0.0,False
47.295778,157,1546.633587,1.3920428498424442,True,0.047685677944671045,0.0,False
115.306892,122,1546.846168,0.8018081000673302,True,0.04930934722458792,0.0,False
94.74867,104,1547.022043,1.136769460225507,True,0.04935849875767421,0.0,False
34.832151,162,1547.304484,1.4313304273509848,True,0.049633115070012446,0.0,False
-386.371384,488,1548.190099,4.557434775658408,True,0.04999094349095164,0.0,False
-34.018646,213,1548.541487,2.0494716682809986,True,0.04907779848093323,0.0,False
85.637266,124,1548.771053,1.9700188609699927,True,0.04101766647133716,0.0,False
-106.801435,500,1549.729151,2.2976599593606593,False,0.11875607755200761,0.0,False
-561.981405,500,1553.360577,2.385873913999572,False,0.989842758649952,0.0,False
131.762781,86,1553.526267,0.7127421768331487,True,0.04695106822492068,0.0,False
37.926631,247,1553.935417,1.6194524756774464,True,0.04859040409197325,0.0,False
110.71232,109,1554.133013,1.403094983871218,True,0.04449660759224966,0.0,False
-9.206397,160,1554.426579,2.0491655342191186,True,0.04776117069875958,0.0,False
126.133854,101,1554.61693,1.0604961690883734,True,0.04228098398991308,0.0,False
-541.056302,500,1555.500696,-3.663974527536853,False,0.4849783509743436,0.0,False
-34.195846,284,1556.000645,1.817235680563924,True,0.04998425566831912,0.0,False
66.174975,137,1558.816121,1.155109786866829,True,0.04875014074526879,0.0,False
118.512375,109,1559.016886,1.2376862808105842,True,0.04995765661709705,0.0,False
72.441968,134,1559.240376,2.2673255647149047,True,0.04577625559965624,0.0,False
-285.872252,500,1560.125473,4.054564651732594,False,0.29261161148044235,0.0,False
29.525588,155,1560.384206,1.6633177260791112,True,0.045890150705138244,0.0,False
33.69871,214,1560.774255,1.5980441216797414,True,0.04955247668316793,0.0,False
86.801698,128,1560.986804,2.4481921349611326,True,0.047474321239308316,0.0,False
-407.501262,500,1561.855686,3.7549363263566056,False,0.5507039918330324,0.0,False
91.513619,119,1562.053917,0.9802207677987036,True,0.04932487314384612,0.0,False
20.806601,154,1562.333498,1.9649590889758715,True,0.04782504562098976,0.0,False
76.130134,268,1565.441721,1.284147917200234,True,0.04953149608788796,0.0,False
122.762509,100,1565.631907,1.194012956464906,True,0.045785717607283526,0.0,False
77.774139,163,1565.923439,1.166477215311651,True,0.047950677132588736,0.0,False
19.376912,137,1566.152872,2.479630134055338,True,0.04787426105757776,0.0,False
75.047243,259,1566.616891,1.2933511499004946,True,0.04941667020073599,0.0,False
119.752395,111,1566.820145,1.3843197433971057,True,0.04939109299164169,0.0,False
-637.124573,500,1567.690095,0.8026299962744082,False,0.585734839497251,0.0,False
63.763029,199,1568.051029,1.4193769003428702,True,0.04975561926768923,0.0,False
-232.355398,500,1571.624634,1.6695400913453344,False,0.3619496984914642,0.0,False
-222.038544,500,1572.909323,2.8214507898741386,False,0.2346791385043685,0.0,False
78.581551,119,1573.115718,1.2608889375973,True,0.04850770902126538,0.0,False
-82.547713,327,1573.716198,2.4692370263969776,True,0.04876536868509547,0.0,False
85.489821,183,1574.042225,1.0273889868539807,True,0.0485482788569083,0.0,False
-699.48096,500,1574.942851,-1.0732951072797887,False,0.8149050392773954,0.0,False
-252.378488,500,1578.577019,3.714448319735767,False,0.25904571493199857,0.0,False
65.512731,146,1578.835742,1.5795389896281236,True,0.04392182249679777,0.0,False
-115.546487,500,1579.729691,3.116577901014069,False,0.13760741073395205,0.0,False
61.44718,157,1580.004541,1.2472123637264805,True,0.047605422157538234,0.0,False
-16.852525,186,1580.345207,1.6482057097700473,True,0.04760384860402364,0.0,False
24.374991,138,1580.604927,2.2168964445271464,True,0.043511111068332164,0.0,False
-543.443069,500,1581.518809,3.4368028214259345,False,0.8852375069003275,0.0,False
90.392677,162,1581.802444,1.025258362047472,True,0.04858323932424539,0.0,False
58.733249,135,1584.708639,1.557073292967302,True,0.046583512154689394,0.0,False
80.864461,224,1585.101844,1.1185132455993285,True,0.04894775268104444,0.0,False
-31.092247,181,1585.4223,2.1883616906646326,True,0.04762239702524813,0.0,False
60.50642,112,1585.610407,1.7488439289105548,True,0.04339585488062567,0.0,False
-953.390071,500,1586.47865,0.1717249109297282,False,0.5511885831820794,0.0,False
21.371088,172,1586.783982,1.6512256851475018,True,0.04902686582194243,0.0,False
109.728648,133,1587.020804,0.8531915179434262,True,0.04966458649850624,0.0,False
42.443665,179,1587.3313,1.2539980661929593,True,0.049753320167094196,0.0,False
103.557058,113,1587.51945,1.6292582900288357,True,0.0384822693082706,0.0,False
-402.19897,500,1591.039475,2.803698660769653,False,0.7010366950186696,0.0,False
-215.618337,328,1591.637315,2.6918910142212082,True,0.04606227418457708,0.0,False
-96.150247,500,1592.506806,3.6589073810895187,True,0.04968913748534291,0.0,False
72.372986,128,1592.736705,1.640904120108058,True,0.04696294650247823,0.0,False
85.324335,117,1592.946793,1.4575541583361573,True,0.044528349446818036,0.0,False
44.975112,158,1593.221785,3.34660423925925,True,0.04992231845770628,0.0,False
-124.413501,300,1593.755991,3.0945233275614865,True,0.04975319772930591,0.0,False
108.559053,134,1593.995605,0.6950023355484657,True,0.04821698174027843,0.0,False
-226.19136,500,1597.52703,2.8537664052096376,False,0.31651236841601527,0.0,False
38.633608,450,1598.322041,1.891205987306108,True,0.04922623036593839,0.0,False
41.505416,148,1598.589906,1.8416360816974462,True,0.04908756374729612,0.0,False
43.841211,305,1599.133583,1.5092598648042024,True,0.04820742800537644,0.0,False
-327.729241,500,1600.073952,1.6428179828655094,False,0.4596011169642309,0.0,False
98.883682,269,1600.543612,1.7596499288933194,True,0.04833114783694894,0.0,False
104.767952,115,1603.390085,0.9490115600344723,True,0.04885463992650859,0.0,False
-359.995909,500,1605.588117,3.2720188003985626,False,0.5264026022399052,0.0,False
54.392511,142,1605.842868,1.9535455551813976,True,0.048546853059832265,0.0,False
129.920962,77,1605.97793,0.6114239281083909,True,0.04834311113125696,0.0,False
-0.048348,180,1606.29173,1.5068507809500098,True,0.047652406961023866,0.0,False
99.019055,189,1606.629692,1.0620600064431502,True,0.045490571628430225,0.0,False
-81.918756,258,1607.083993,3.0366035252984305,True,0.04737406811278645,0.0,False
-264.084262,500,1607.964217,2.793047976883553,False,0.16344288198229864,0.0,False
35.938875,243,1611.004271,1.4275344253172635,True,0.04881613131791505,0.0,False
-308.801286,500,1611.896756,3.291694551672174,False,0.36611475693854506,0.0,False
-742.010038,500,1612.78379,-1.1722341657861541,False,0.5599974491495286,0.0,False
-41.035677,173,1613.085758,2.3382902553520544,True,0.04976992715721183,0.0,False
95.84911,115,1613.288016,1.5370931226421638,True,0.04538659098839678,0.0,False
112.21714,138,1613.529853,0.8001431191866331,True,0.04859101289772163,0.0,False
104.478813,126,1613.749663,1.1414866051916246,True,0.049483652279474925,0.0,False
62.112425,126,1613.969368,1.8620843410653554,True,0.047770730079002684,0.0,False
79.088759,125,1614.197149,1.5104785178245106,True,0.04920302235738641,0.0,False
114.284222,108,1614.376574,1.1718818609877575,True,0.04801083853420387,0.0,False
64.343669,112,1617.236885,1.542416706954664,True,0.041446416342443594,0.0,False
-128.373914,406,1617.970154,2.5362946985995376,True,0.04741976339917456,0.0,False
104.192232,210,1618.334122,1.1654610483928174,True,0.049569294931307226,0.0,False
-279.120848,500,1619.217224,3.13251327175696,False,0.23383219261116972,0.0,False
-39.738825,301,1619.747536,2.316781372069934,True,0.04883817963808068,0.0,False
18.177361,424,1620.47874,1.9233919337109615,True,0.047313612678549395,0.0,False
0.163763,256,1623.539976,1.7219643809725838,True,0.048772124768421354,0.0,False
119.188516,87,1623.696093,0.8606215957118696,True,0.047661803799848385,0.0,False
-168.320807,500,1624.559003,1.1435493067831133,False,0.20926009768635603,0.0,False
-181.436013,500,1625.447293,2.6537614195858787,False,0.24807289967893423,0.0,False
40.680521,167,1625.730448,1.2148767049760851,True,0.047333089576334954,0.0,False
-621.235383,500,1626.641035,3.041942397247916,False,1.098462186871129,0.0,False
-407.819639,500,1630.197245,2.507815551015526,False,0.6903028186480337,0.0,False
124.24556,100,1630.367763,0.7853213022783564,True,0.04736787903465836,0.0,False
-415.25671,500,1631.256274,-3.8743725009780605,False,0.6379551760084923,0.0,False
-464.79171,500,1632.14224,1.8093714239680525,False,0.8111219194679352,0.0,False
65.644701,140,1632.392245,2.0421785277358837,True,0.04486965835479003,0.0,False
-568.006707,500,1635.938546,-2.8747247241260108,False,0.4049269991305516,0.0,False
-239.173249,500,1637.906124,2.698398032416152,False,0.1018873842719391,0.0,False
95.213289,221,1638.291873,1.0145613261055169,True,0.04791365129467259,0.0,False
-134.740478,500,1639.189229,1.6132592611825523,False,0.26001465599240475,0.0,False
127.719623,100,1639.359378,0.9235380488521348,True,0.048369496385267545,0.0,False
-204.070829,500,1640.246512,2.5683727459284587,False,0.14999017953155497,0.0,False
106.668697,139,1640.493045,0.7767599135296818,True,0.048550186668848784,0.0,False
-143.948534,500,1644.001268,2.174580183986502,False,0.3079937846363578,0.0,False
58.324848,188,1644.308895,1.3169666536492104,True,0.04928620575860963,0.0,False
43.417711,150,1644.620703,2.03735660693941,True,0.045544337850114865,0.0,False
37.905317,158,1644.89848,1.737371167633754,True,0.04645565074090327,0.0,False
32.434771,231,1645.30428,1.5167339015294814,True,0.049656086687534386,0.0,False
-438.433572,500,1646.214885,2.1600722369876753,False,0.7873748688757775,0.0,False
116.051719,115,1646.414465,0.9916271813587743,True,0.04495868069393296,0.0,False
75.573205,138,1646.655715,2.1249716345292855,True,0.04172934641819415,0.0,False
-306.210515,500,1650.173728,2.766484670716493,False,0.39366327536470436,0.0,False
85.115684,111,1650.383682,1.1601359632606658,True,0.04433334479563844,0.0,False
91.167601,129,1650.619415,1.1526291494863845,True,0.04948935735667214,0.0,False
62.911976,225,1651.014197,1.6372668932096404,True,0.047982069581954376,0.0,False
118.542339,100,1651.199266,0.6256655051724831,True,0.04695029922386106,0.0,False
68.1798,177,1651.519239,1.2720336386003146,True,0.049588281761994306,0.0,False
49.516692,210,1651.889922,1.4552049985733753,True,0.04987565323916315,0.0,False
51.427123,229,1652.299542,1.489079414837837,True,0.04935080256997068,0.0,False
-39.591117,368,1652.962313,1.8456130418346415,True,0.04956148571806604,0.0,False
122.207437,105,1653.146721,0.7775554596119684,True,0.04866807861768958,0.0,False
46.221433,191,1656.132263,1.2296582498034896,True,0.049770204323916156,0.0,False
51.007521,154,1656.408384,1.270553112548241,True,0.044225365543004234,0.0,False
-156.701103,500,1657.302634,2.3850145260302047,False,0.06873633275955476,0.0,False
100.859967,105,1657.496505,1.0844325171381564,True,0.04672022635585384,0.0,False
65.531183,159,1657.776818,1.9376640657032267,True,0.04888689827281089,0.0,False
118.003904,112,1657.978439,1.3983864313581056,True,0.04598213706152999,0.0,False
88.167594,160,1658.270101,1.1853262038007304,True,0.04825870230681348,0.0,False
100.696755,109,1658.45887,1.3961450328035898,True,0.04597475031251327,0.0,False
16.44665,146,1658.719202,2.382038964743769,True,0.04970403796963279,0.0,False
98.592687,126,1658.945448,2.0816190128228476,True,0.04967452580245833,0.0,False
66.887699,209,1659.309443,1.3302957633252674,True,0.04924478108193979,0.0,False
-544.757749,500,1662.901413,2.8314509037625752,False,0.9463939178499726,0.0,False
-22.803015,281,1663.394631,1.8645054600497362,True,0.048942883823851493,0.0,False
-28.433017,201,1663.757763,1.9449351089129057,True,0.04970735729530451,0.0,False
-93.474124,415,1664.488094,2.7712109908470586,True,0.04875174935597913,0.0,False
19.751562,195,1664.840428,1.3328596657083773,True,0.048290525526063284,0.0,False
-380.731637,500,1667.033885,2.30418978047307,False,0.6685384441685664,0.0,False
55.583674,117,1669.849781,2.2386083147578946,True,0.048747268415747946,0.0,False
-63.728349,262,1670.300585,1.8570257755525907,True,0.04969964598705707,0.0,False
72.714801,129,1670.525022,1.912683402707866,True,0.045453524366430686,0.0,False
14.265228,142,1670.773911,2.5530877339377787,True,0.04492588421700283,0.0,False
105.190921,158,1671.040903,0.8352683565988006,True,0.048931998011833754,0.0,False
112.613922,124,1671.255328,0.7566594354917601,True,0.04905949059024599,0.0,False
97.077439,113,1671.45049,1.2313154665788721,True,0.047795006511461374,0.0,False
-810.14933,500,1672.352039,2.092091778296096,False,1.5264376296341546,0.0,False
85.818443,275,1672.865403,1.341751756180512,True,0.04932431888931157,0.0,False
-10.632291,201,1673.221641,1.512494753574242,True,0.04595458104233727,0.0,False
-296.019573,475,1676.79365,4.18189833791625,True,0.04789202901551725,0.0,False
-473.814209,500,1677.660026,2.470909655694699,False,0.855136632384068,0.0,False
90.419301,114,1677.86272,1.5901969314554654,True,0.04819657065437238,0.0,False
105.587422,120,1678.075483,1.1287056835530747,True,0.04829890265222637,0.0,False
104.287584,118,1678.286661,1.6463056173637973,True,0.048215859978432446,0.0,False
87.016473,127,1678.530129,1.2890644806734113,True,0.04845770659524,0.0,False
74.180922,105,1678.724827,1.7639803696925704,True,0.0450012417569575,0.0,False
127.443939,96,1678.894487,0.7363539723302673,True,0.04638702657615855,0.0,False
80.493807,167,1679.194509,1.24219675960519,True,0.04849126608805807,0.0,False
-146.050252,432,1682.620266,2.879489579656229,True,0.04873569049947498,0.0,False
104.087848,159,1682.889134,1.029305950557287,True,0.049700839305821205,0.0,False
108.383813,206,1683.260296,1.1905342131454235,True,0.0492307538178758,0.0,False
-512.4078,500,1684.151991,3.07230493325915,False,0.7432799240063126,0.0,False
-350.093628,500,1685.134126,3.0981034581461198,False,0.12575180337543168,0.0,False
-154.607694,476,1686.008752,3.1483445403044126,True,0.04735062727756636,0.0,False
-538.678572,500,1689.524961,1.9646379425644342,False,0.9973616723369387,0.0,False
-1317.452149,500,1690.450669,-1.4567646409351005,False,0.5089471603284329,0.0,False
-446.303897,500,1691.362682,2.877181569084559,False,0.7419039154623183,0.0,False
124.381316,107,1691.552261,1.1887518267798525,True,0.047988577589892806,0.0,False
76.619563,145,1691.825089,1.2172319200404904,True,0.04713676425022168,0.0,False
-835.988077,500,1695.379635,-0.5675796289563825,False,0.7028416993537163,0.0,False
96.698903,185,1695.703435,1.1222459175501303,True,0.049240140675298874,0.0,False
80.569962,123,1695.920897,1.9900404777815939,True,0.04507579883154555,0.0,False
129.640587,92,1696.085352,0.477755583077947,True,0.04950922932933795,0.0,False
28.324355,339,1696.698466,2.0919283300341553,True,0.04921473403571071,0.0,False
-55.647681,496,1697.599726,2.872930693657217,True,0.04842819706775521,0.0,False
-0.467541,192,1697.933201,1.9331254482701004,True,0.048364836925995205,0.0,False
82.079384,303,1699.683532,1.380372657505632,True,0.04985306676473355,0.0,False
-79.115257,367,1702.974877,2.2958171357029467,True,0.04898623340832991,0.0,False
-285.286895,500,1703.88951,2.400009760544185,False,0.4059298717397542,0.0,False
102.266605,135,1704.131902,0.8018624420104145,True,0.04956743848502119,0.0,False
-414.850118,500,1705.059428,1.7320755991582573,False,0.7542199384697233,0.0,False
72.369086,124,1705.27638,2.0497432535764997,True,0.043278255562370214,0.0,False
-266.274297,500,1706.169561,2.527281872559045,False,0.38865737375444137,0.0,False
-631.783269,500,1709.686527,3.620775762971868,False,1.0777697742823575,0.0,False
-59.466393,224,1710.094041,1.7641181471080574,True,0.04864195796380172,0.0,False
-33.123536,220,1710.468233,3.223617821878334,True,0.04722341928964937,0.0,False
81.751616,334,1711.090465,1.4546929912610216,True,0.049842651138219236,0.0,False
95.160776,220,1711.484314,1.0014935299426981,True,0.0484147067715198,0.0,False
-133.333539,361,1712.128458,2.8506390614732933,True,0.04777773405501655,0.0,False
-541.480854,500,1715.661384,-6.957513365391232,False,0.25984364093188267,0.0,False
92.875844,130,1715.897571,0.8557362762885434,True,0.04933529676070216,0.0,False
129.990771,76,1716.040128,0.6201411121727289,True,0.0456920985105762,0.0,False
-199.246421,500,1716.971943,1.7557663597724895,False,0.24500089698299432,0.0,False
76.252139,116,1717.177711,1.9312750653087023,True,0.048129399307035164,0.0,False
95.791105,95,1717.344424,1.140090684539035,True,0.04531297538280352,0.0,False
58.495242,187,1717.672831,1.2675227940608473,True,0.047902166960045574,0.0,False
-563.511799,500,1718.568227,-1.2647166044476643,False,0.1984330999967117,0.0,False
87.374281,143,1718.826601,0.9192396403903625,True,0.04936572311406469,0.0,False
22.813858,144,1721.68795,2.1798707700683573,True,0.043673389917995596,0.0,False
-14.901599,180,1722.011135,1.719481954169987,True,0.04796798336137892,0.0,False
-147.184168,303,1722.560527,2.7437651110349313,True,0.04979177650654169,0.0,False
-180.014456,358,1723.227653,3.6342049721164216,True,0.04979484135889212,0.0,False
45.486972,142,1723.487405,2.0504106261581554,True,0.048950001816923064,0.0,False
42.950234,354,1724.113462,1.6617773030608567,True,0.048697573436357965,0.0,False
73.841299,139,1724.365364,1.3573268133505614,True,0.047884806799231024,0.0,False
-117.0635,352,1724.987167,4.270972498240333,True,0.04924456657768293,0.0,False
-605.301275,500,1728.503122,3.358374301325351,False,1.0841712779517005,0.0,False
-36.370133,210,1728.890294,1.7197033290011399,True,0.049786822065785434,0.0,False
-78.564025,276,1729.380727,2.1258298924794214,True,0.04931291679727327,0.0,False
-375.045826,500,1730.289039,3.2178715581921256,False,0.11872689667691165,0.0,False
-399.690137,500,1731.691558,1.8302631404774514,False,0.7092900730117906,0.0,False
75.156418,162,1731.990143,1.1583095207473952,True,0.049717654924232274,0.0,False
-826.677122,500,1735.517493,-6.414332897136752,False,0.7868184690758809,0.0,False
131.955159,108,1735.713888,1.884196443540597,True,0.038436441733476275,0.0,False
84.120103,132,1735.96065,2.12754864353113,True,0.04519252452554137,0.0,False
-78.127446,314,1736.532466,2.9566522369563777,True,0.04986135347681433,0.0,False
-199.914361,500,1737.486122,2.6242892968453475,False,0.08266570882479173,0.0,False
48.724322,157,1737.773519,1.0804339810032122,True,0.04741039133520143,0.0,False
-319.089795,500,1741.320352,2.8882912713592925,False,0.4299881253707382,0.0,False
-145.690153,500,1742.224465,2.152627339027552,False,0.09914386049012136,0.0,False
129.816269,103,1742.41443,1.2311574715005769,True,0.049076654536262164,0.0,False
-38.507286,262,1742.885784,2.6673725334537504,True,0.049218526944018674,0.0,False
113.111003,103,1743.070247,0.9422855014871698,True,0.04865931980091748,0.0,False
66.150033,206,1743.447651,1.055793248395358,True,0.04992303154573587,0.0,False
-67.956732,374,1744.129419,2.1988889421230122,True,0.048982802992938786,0.0,False
111.628235,122,1744.351159,1.0327256135983003,True,0.04324942446807267,0.0,False
-729.233561,500,1747.89647,1.5845210986282672,False,1.3212110878073398,0.0,False
21.942268,399,1748.599325,2.200408898524418,True,0.04936927114937428,0.0,False
-456.736798,500,1749.502436,4.152831885651343,False,0.18734404824152717,0.0,False
-42.348506,207,1749.87736,1.5593050678693006,True,0.04797295330132336,0.0,False
58.5231,127,1750.107249,1.8637503502765698,True,0.048923933673551336,0.0,False
-293.217019,500,1750.993058,2.4197853722568277,False,0.4338738696730961,0.0,False
-334.499034,500,1754.51824,1.938897153879642,False,0.5876925613952318,0.0,False
-510.792036,500,1755.442701,2.459035317826182,False,0.9047177885744984,0.0,False
-347.171013,500,1756.346858,3.4593089347682784,False,0.3612255350907749,0.0,False
-278.19878,500,1757.263437,3.2111339458132577,False,0.16788262546542715,0.0,False
39.763858,159,1757.547419,2.060922502879407,True,0.04360243106729028,0.0,False
76.66527,152,1760.461376,0.8988088290959326,True,0.04608707464686119,0.0,False
95.847933,124,1760.684772,1.7627068692196337,True,0.042541554127614054,0.0,False
107.244199,113,1760.8823,1.3432514925737669,True,0.04253135678872704,0.0,False
-26.799097,183,1761.207658,2.2198344580250318,True,0.048289457075613135,0.0,False
-565.306525,500,1762.109042,1.615196634276991,False,1.0576578055324806,0.0,False
-9.894699,443,1763.779545,1.9452788438144746,True,0.04709191833469424,0.0,False
128.695069,99,1763.960419,0.5851619031092253,True,0.048027315127989426,0.0,False
66.93871,205,1764.334428,1.487646485634705,True,0.04822191554956186,0.0,False
-35.884273,165,1764.637065,3.0711609955939663,True,0.049321292717859275,0.0,False
104.056233,192,1767.629689,0.9986515045424693,True,0.04898233451973144,0.0,False
-424.042665,500,1768.54696,1.8232496021261202,False,0.8477468252501545,0.0,False
-8.246255,230,1768.96061,2.8817303624584745,True,0.049823546922972674,0.0,False
-680.523201,500,1769.855733,-2.404388615295226,False,0.7270202716689347,0.0,False
118.184988,125,1770.080339,0.9815955220245074,True,0.04871449137582503,0.0,False
51.602922,176,1770.404391,1.4112960034433746,True,0.04978126987676088,0.0,False
55.85495,307,1770.947677,1.4506348713293973,True,0.048296991576340174,0.0,False
-21.226414,500,1774.470324,2.238646306423119,True,0.04865636622569716,0.0,False
-478.662044,500,1775.375189,4.3091244924600005,False,0.15613125479441853,0.0,False
124.913112,101,1775.557434,1.059831008699549,True,0.04376977392434694,0.0,False
66.095303,218,1775.953714,1.5237997528743477,True,0.04955857050638238,0.0,False
-134.848548,463,1776.791059,2.931099949449651,True,0.0499122442638001,0.0,False
-246.354651,500,1780.339902,2.0932044923509534,False,0.3317468931390094,0.0,False
-976.82824,500,1781.253251,0.42788095880507043,False,0.8336732096177863,0.0,False
83.91804,307,1781.811459,1.3280927504586528,True,0.049548292113722636,0.0,False
125.56004,101,1781.987687,0.8245254918413044,True,0.045713672149084054,0.0,False
-8.638615,192,1782.332814,1.901458511818591,True,0.04837060572875176,0.0,False
120.641676,122,1782.539271,0.9254260844565484,True,0.04844819254158645,0.0,False
120.710102,99,1782.706796,0.9206955134315025,True,0.04798683172787912,0.0,False
55.836606,224,1783.110748,1.2623292868529101,True,0.0479856762610972,0.0,False
-35.669756,192,1783.450837,2.0991453473749035,True,0.047501647096621996,0.0,False
-429.792653,500,1786.989951,2.566070432803263,False,0.7666544692425051,0.0,False
76.783051,179,1787.309886,1.1338789033412153,True,0.0482427334551966,0.0,False
-982.176296,500,1788.220794,-3.833320344148944,False,1.0133472418949314,0.0,False
95.735855,126,1788.455758,1.7791643244156878,True,0.04738570024446486,0.0,False
69.213825,236,1788.887092,1.581629116372716,True,0.049305538897269886,0.0,False
-160.412807,500,1789.794355,1.8824185651150394,False,0.13809294524966373,0.0,False
-24.725851,431,1793.180535,2.064368467861191,True,0.04772747946418265,0.0,False
-205.132896,500,1794.088553,1.496569641865608,False,0.31532825845310736,0.0,False
58.170081,125,1794.305828,2.1910637572393443,True,0.04094014055081801,0.0,False
73.812507,215,1795.560347,1.0377814059326438,True,0.04863647933216119,0.0,False
-168.390444,500,1796.464609,2.1369465614210856,False,0.15369413405546767,0.0,False
-36.525467,253,1796.909493,2.0827254467982934,True,0.04980045024790774,0.0,False
134.390823,87,1797.066683,0.6315291063665155,True,0.04837044256249215,0.0,False
54.095164,289,1800.203322,1.3585244120951614,True,0.04828534470383653,0.0,False
66.633439,297,1800.738716,1.2083121742946235,True,0.04860685920930411,0.0,False
108.350952,116,1800.956584,1.473616169587688,True,0.0405011462607639,0.0,False
98.642425,129,1801.18802,1.4226509240183807,True,0.04298085264505665,0.0,False
-214.74192,500,1802.084112,2.421513066402377,False,0.10476779775942241,0.0,False
-81.797139,248,1802.524155,1.6454317190957628,True,0.049791489571155326,0.0,False
-96.882974,363,1803.181673,2.688365864818902,True,0.048968696833577297,0.0,False
99.775421,111,1803.3802,1.0060406719050918,True,0.049831498493136395,0.0,False
58.629758,132,1806.221305,2.7753251891345387,True,0.04809496700588542,0.0,False
99.246241,121,1806.438306,0.869123825822264,True,0.049296556363012674,0.0,False
89.81085,122,1806.66608,1.7785022001484196,True,0.043433155653496765,0.0,False
63.232333,218,1807.055111,1.5441735835482095,True,0.04844001051863442,0.0,False
77.853844,192,1807.396554,0.9829039697753192,True,0.0494962585841841,0.0,False
27.413071,129,1807.633005,2.2749894162156092,True,0.043626916197529474,0.0,False
93.751147,161,1807.919438,1.1033208201939162,True,0.04854545855784586,0.0,False
-173.281102,500,1808.822828,2.0713167674616693,False,0.10523374302160549,0.0,False
57.664132,125,1809.046584,1.8534092754080913,True,0.04569476733991358,0.0,False
-20.685174,199,1809.412212,1.487871615238702,True,0.04956551693895043,0.0,False
-346.648224,500,1812.930816,3.3396478449258007,False,0.4635737739995724,0.0,False
-18.311741,185,1813.265155,1.9974365831053824,True,0.049095070610127654,0.0,False
-156.53183,500,1814.166111,1.9894554909959898,False,0.08086832614317986,0.0,False
-428.906175,500,1815.07804,2.664346254774582,False,0.7631852244424462,0.0,False
82.045226,114,1815.263138,1.2952612443674276,True,0.04884655858829524,0.0,False
106.395775,117,1815.479026,1.745363732340593,True,0.04558200470006205,0.0,False
-502.378037,500,1819.002661,2.442122414578578,False,0.9222035755292562,0.0,False
22.213271,134,1819.243756,3.052090696123291,True,0.040634085631058164,0.0,False
-756.630328,500,1820.168856,2.588021351495194,False,1.4145322219796548,0.0,False
95.230359,107,1820.365897,1.0649636390131723,True,0.04837823870686997,0.0,False
35.836475,130,1820.598084,2.2632646072248654,True,0.04761471688154107,0.0,False
75.334048,320,1821.162053,1.2460712010650061,True,0.04875569455405915,0.0,False
71.231423,456,1822.002441,1.548242835211713,True,0.049797306909782124,0.0,False
-194.399305,312,1825.190978,2.4655644426698715,True,0.049915355246618234,0.0,False
-1.572367,252,1825.64329,1.6406883980932199,True,0.04879179252095721,0.0,False
56.481519,134,1825.888122,2.5973906744074093,True,0.047946711416887916,0.0,False
115.231457,142,1826.146968,0.9584292782753389,True,0.04994224155270861,0.0,False
106.711325,113,1826.349929,1.333441570734116,True,0.04784352632126647,0.0,False
61.599331,271,1827.816066,1.18021728624823,True,0.049500570430239296,0.0,False
63.673663,171,1828.123585,1.234891123555723,True,0.04966489097369532,0.0,False
-577.837768,500,1829.013191,-3.5252425024305953,False,0.5120316961998052,0.0,False
67.338867,233,1829.431656,1.118471253467159,True,0.04869810966074944,0.0,False
66.224839,241,1832.51794,1.247437509992304,True,0.04885260939857482,0.0,False
-699.800752,500,1833.421421,2.3929583719564094,False,1.2824895331503317,0.0,False
-76.374911,383,1834.133446,2.050964417310908,True,0.04906068956515492,0.0,False
26.003195,375,1834.796908,2.0429115478678423,True,0.04886677778833808,0.0,False
57.132072,152,1835.06754,1.7921615343811046,True,0.04292693515861139,0.0,False
43.691425,135,1835.306606,2.557219268996467,True,0.04112663400600343,0.0,False
-18.966,390,1836.011611,2.1070818929780235,True,0.0497587181453431,0.0,False
84.912732,233,1839.042825,1.0150351890088718,True,0.04849807286748339,0.0,False
-439.401649,500,1839.962646,2.444045376975806,False,0.7798369411147233,0.0,False
-198.199869,500,1840.888008,3.6863364523976236,False,0.13794799109155112,0.0,False
-113.01473,500,1841.805196,1.8133008516436444,False,0.08867235004176403,0.0,False
-520.554185,500,1845.331944,2.309224829694504,False,0.8886119842614145,0.0,False
-920.751013,500,1846.230874,0.4155292341495009,False,0.7577076562743578,0.0,False
-606.260718,500,1847.145205,1.9814359596074058,False,1.115724735406042,0.0,False
75.672796,219,1847.526165,1.1427817508886948,True,0.04739514382708034,0.0,False
85.166116,130,1847.762825,2.03228181223823,True,0.04505412698568758,0.0,False
-711.149092,500,1848.680121,2.2962220277303516,False,1.3238039858575503,0.0,False
-628.793485,500,1852.213131,-1.745616729532924,False,0.7449182629955802,0.0,False
-177.180044,500,1853.120113,2.414277255864224,False,0.15794692960327406,0.0,False
-148.571788,500,1854.043029,2.5099645460130833,False,0.10571687929677795,0.0,False
62.89805,162,1854.332553,1.439716834122424,True,0.04953429135256613,0.0,False
19.742553,500,1857.854807,2.1364978657772276,True,0.04972380892179912,0.0,False
-218.848227,500,1859.46727,3.5462255343219886,False,0.2693121871373855,0.0,False
116.652201,103,1859.653736,0.9995901348617182,True,0.04799834213788865,0.0,False
93.93477,126,1859.88045,1.5446651634734585,True,0.04234833982631081,0.0,False
74.80247,230,1860.302238,1.3098834533397379,True,0.04911697072593563,0.0,False
-61.224862,347,1860.927365,2.4107119607149397,True,0.04975242291654498,0.0,False
-206.510041,500,1861.849448,2.678602057988281,False,0.05733575423006359,0.0,False
52.175227,194,1862.194393,1.4985801194732589,True,0.049690997822333556,0.0,False
129.428488,109,1865.041179,0.7116206017995256,True,0.04564894307813938,0.0,False
81.520119,167,1865.340803,1.1430020248326638,True,0.04997383755458002,0.0,False
40.165307,129,1865.568656,2.164160964047109,True,0.04670197457202414,0.0,False
51.423786,132,1865.804602,2.331379167734821,True,0.04811305727195287,0.0,False
55.246229,196,1866.163772,1.146801788447622,True,0.047268635502981424,0.0,False
1.793781,186,1866.500558,1.5621022085277345,True,0.049700093487211376,0.0,False
-677.402614,500,1867.416877,4.438126438590768,False,0.72449821522137,0.0,False
-17.565444,185,1867.751079,1.844640585849169,True,0.04954435931242116,0.0,False
-18.732316,289,1868.267879,2.0699689783528967,True,0.04519012355204678,0.0,False
109.939423,103,1868.456502,0.7736156183866708,True,0.049457373817326455,0.0,False
84.081741,117,1871.270358,1.5751761360713408,True,0.047272387445084864,0.0,False
-37.098922,375,1871.949819,2.152368629400821,True,0.048941869157368374,0.0,False
-1.880438,230,1872.361833,1.8915023350032596,True,0.049905877421476286,0.0,False
49.01847,419,1873.127326,1.8311373315883481,True,0.04870821895236807,0.0,False
110.031238,147,1873.393798,0.9804470071959457,True,0.047968687558964454,0.0,False
-329.776618,500,1874.303895,3.8237094828265894,False,0.3920392480284432,0.0,False
-134.841639,500,1877.815934,2.603470953732608,False,0.14232724893126195,0.0,False
83.903366,116,1878.024347,1.12998827467616,True,0.04929465616855703,0.0,False
-15.073344,174,1878.339632,1.8641241514640987,True,0.04544537663670001,0.0,False
30.61939,399,1879.050595,1.9114866953723924,True,0.04979455412807072,0.0,False
134.731591,122,1879.26705,1.3597815153977193,True,0.03995980042601274,0.0,False
16.233406,148,1879.530393,2.065762830924669,True,0.049396296010507955,0.0,False
-381.845131,500,1880.437196,3.587672358908104,False,0.567764777882104,0.0,False
44.064594,215,1880.842673,1.7013909981229247,True,0.04908338385055409,0.0,False
112.293318,183,1881.174937,1.1360024329068268,True,0.047621566284342984,0.0,False
95.720495,213,1884.164098,0.9886387498778374,True,0.04627378483608093,0.0,False
43.310118,160,1884.447303,1.9197095427283342,True,0.044122592731760224,0.0,False
-148.324856,500,1885.357472,2.5656217396045866,False,0.1566862307551403,0.0,False
104.738649,119,1885.575536,1.9113782230635343,True,0.04519825239798226,0.0,False
-176.597563,500,1886.470422,2.9824176029418257,False,0.21722774681416757,0.0,False
40.055437,138,1886.718748,2.9950271864626496,True,0.048966470689229116,0.0,False
68.702502,205,1887.077707,1.5165393046499305,True,0.04960027324214051,0.0,False
20.281015,190,1887.420376,1.3639640969126712,True,0.04969615064511373,0.0,False
129.999677,100,1890.234396,0.6388554844089321,True,0.046824997050412556,0.0,False
110.771358,107,1890.422647,0.8242731057486932,True,0.049031562058635104,0.0,False
7.54581,170,1892.098103,2.3744095151372653,True,0.04219904975422916,0.0,False
121.870704,100,1892.28494,0.9103583327023663,True,0.04538944654185206,0.0,False
-162.691272,500,1893.182257,2.2837983985112658,False,0.07682893329717129,0.0,False
58.381242,126,1893.426009,2.218001598236282,True,0.04611300470957708,0.0,False
-29.345537,220,1893.817383,2.0642928258057944,True,0.049057349124983815,0.0,False
73.056949,146,1894.082566,2.1142533152656293,True,0.048219377619290224,0.0,False
-24.052601,183,1894.410803,1.977455095606894,True,0.04458946021749273,0.0,False
-68.841129,287,1894.923955,2.5280580613944554,True,0.04872418057753307,0.0,False
29.683179,137,1895.175849,2.178644925758174,True,0.04902849625667473,0.0,False
70.512063,118,1898.01022,2.530661764314232,True,0.04845399586466604,0.0,False
-3.659557,245,1898.454075,1.8860216233514966,True,0.04832736979573981,0.0,False
-305.291077,500,1899.335823,2.8592415997156784,False,0.46496863948954137,0.0,False
9.555754,162,1899.625181,2.20771006668168,True,0.048518194406717695,0.0,False
-215.989295,500,1900.52264,2.4693571096987434,False,0.31084322826968996,0.0,False
-37.96634,401,1901.232605,2.3906077231599827,True,0.04905791483000265,0.0,False
77.863878,285,1904.367018,1.1700595386448425,True,0.04961009845805859,0.0,False
101.364048,118,1904.578747,1.840790887970703,True,0.049365953934055455,0.0,False
114.604713,109,1904.786771,1.3825089764057326,True,0.04462530441258294,0.0,False
-428.373244,500,1905.687135,4.443630308459232,False,0.6406216503944415,0.0,False
91.405005,118,1905.910522,1.0450444074181806,True,0.04930562418011179,0.0,False
125.585859,111,1906.104124,1.1339003407372863,True,0.04787921355947659,0.0,False
117.824649,99,1906.283139,0.8136209997246446,True,0.04713659805935105,0.0,False
-96.618796,281,1906.787516,3.443208300418912,True,0.047697860611868495,0.0,False
122.134501,156,1907.072879,0.9664421891916566,True,0.049661008675288346,0.0,False
-6.650577,445,1910.459058,2.3108234462654917,True,0.04851107491345268,0.0,False
112.957813,144,1910.707082,0.7992127448654887,True,0.049631492374447195,0.0,False
-25.733862,335,1911.298091,2.103099473634657,True,0.0496633227324456,0.0,False
121.797394,112,1911.50755,0.6413158446760335,True,0.048312330749363384,0.0,False
54.815495,246,1911.935234,1.4299437472710168,True,0.04811680174970817,0.0,False
82.642676,130,1912.168656,2.1001804890322866,True,0.048543751478267394,0.0,False
73.551871,208,1912.538584,1.3385365047308089,True,0.048712161318644046,0.0,False
60.221905,210,1912.925176,1.5356280322272344,True,0.04917641522013967,0.0,False
-88.264737,312,1913.483957,2.3789551775943387,True,0.049768035795163416,0.0,False
-784.906316,500,1917.036822,-2.921675510707325,False,1.2169259277750437,0.0,False
-53.842776,303,1917.602565,2.3476942960797227,True,0.04995577488083513,0.0,False
78.41534,115,1917.798375,2.42033252608222,True,0.044498525683475516,0.0,False
19.444027,234,1918.221067,1.7975748965892802,True,0.04805002009167689,0.0,False
108.369497,220,1918.622782,1.1850074568070448,True,0.048916118392943284,0.0,False
100.008933,107,1918.816412,1.7486474026184924,True,0.04908888875535825,0.0,False
-367.687023,500,1919.718983,3.0429509609272083,False,0.22744519932151283,0.0,False
62.163338,240,1920.142385,1.1914539146489693,True,0.04933034737681789,0.0,False
-575.839548,500,1924.68988,2.307998594077647,False,1.0586833313539792,0.0,False
104.578724,147,1924.969618,0.8657162566141383,True,0.04974337123686423,0.0,False
82.320143,222,1925.397553,1.2764924049925237,True,0.04921956078876985,0.0,False
23.744686,160,1925.711887,1.973396340962202,True,0.04691003732638828,0.0,False
104.958019,108,1925.905986,1.5977776839894697,True,0.041020167161449024,0.0,False
5.173874,151,1926.176735,2.784436030803323,True,0.04777810148271666,0.0,False
18.049741,298,1926.728215,1.6791055167276605,True,0.04725030992006151,0.0,False
31.04993,169,1927.045637,1.528320849566318,True,0.04835398950701202,0.0,False
-323.448188,500,1930.555049,2.6468720393693523,False,0.4749217592200243,0.0,False
-230.838773,500,1931.471639,4.169007480559317,False,0.3192998140587743,0.0,False
26.164476,135,1931.717508,2.88549347741257,True,0.049374664195219464,0.0,False
46.076569,166,1932.022482,1.2004821837812905,True,0.049192476541375846,0.0,False
-292.275436,500,1932.908923,3.921058116399277,False,0.08590036026590847,0.0,False
-352.070004,500,1933.813,2.511128589715505,False,0.6232313374015568,0.0,False
96.389393,119,1934.02668,0.9340838606411889,True,0.04839926666985143,0.0,False
-175.285315,455,1937.451196,-1.8365428809905298,True,0.049861952064272054,0.0,False
-44.65437,242,1937.889778,1.724352778154509,True,0.048591569047815884,0.0,False
98.017604,137,1938.134455,1.3644759816804959,True,0.048030196509429156,0.0,False
-42.832064,199,1938.488127,1.8065117286853023,True,0.04879269161061847,0.0,False
119.281576,93,1938.66006,0.7440920098419558,True,0.047839256429014494,0.0,False
-11.279943,181,1938.983709,2.0288404581297463,True,0.048131143079192355,0.0,False
88.182153,146,1939.242803,1.181245503780151,True,0.04624941610392933,0.0,False
126.157153,106,1939.432338,0.9552105386827081,True,0.04910420490123761,0.0,False
128.419603,112,1939.639848,0.7245678961964634,True,0.048872875043508034,0.0,False
0.855292,173,1939.942535,2.263567606489259,True,0.04038875724956913,0.0,False
50.136031,276,1940.428535,1.3677525470077183,True,0.0492829493849444,0.0,False
-519.869741,500,1943.879303,3.0158823660991256,False,0.9260386836570337,0.0,False
41.081736,128,1944.110658,2.251959762344246,True,0.04824251027086938,0.0,False
109.402603,117,1944.31945,2.0060675372790078,True,0.044090410338068514,0.0,False
-162.997696,500,1945.226294,2.883550111769017,False,0.23409637902072122,0.0,False
-249.352546,500,1946.140358,4.895745225422224,False,0.23005166575778369,0.0,False
126.232379,99,1946.319917,0.9941866344707515,True,0.049758510722892536,0.0,False
125.979843,103,1946.502433,1.0294670184980454,True,0.04756091802754699,0.0,False
40.698596,134,1949.365374,2.018535795940435,True,0.049564825794782344,0.0,False
80.413443,197,1949.713206,1.229022618755249,True,0.04931921089273531,0.0,False
-683.327688,500,1950.63036,2.4349702925350543,False,1.2548513056800958,0.0,False
75.589406,272,1951.111663,1.9736350433234489,True,0.04984040578405917,0.0,False
-46.106164,200,1951.47624,2.0992481280728157,True,0.04659024452751308,0.0,False
24.276562,170,1951.772863,1.5460881909205575,True,0.04786901202509472,0.0,False
44.03877,160,1952.061861,2.0646147195043403,True,0.041145956596524945,0.0,False
65.340092,209,1952.437086,1.3376092700221642,True,0.04875588671473852,0.0,False
-167.063026,500,1956.683184,1.8447816892547264,False,0.16839465933087674,0.0,False
129.951715,101,1956.872597,0.6984850312448486,True,0.04896007098282382,0.0,False
-40.537312,292,1957.391088,2.2492565865695524,True,0.04843500631819525,0.0,False
9.531206,173,1957.703358,1.4998540930692494,True,0.048402562741942386,0.0,False
-892.340911,500,1958.6006,1.6245067037330547,False,0.8251870597279349,0.0,False
76.430059,139,1958.843459,2.321841488676691,True,0.04297139275206994,0.0,False
58.460219,130,1959.078682,2.3561957801626083,True,0.04096142482460527,0.0,False
67.768004,127,1959.298813,2.3381168561691643,True,0.04347485575891115,0.0,False
-99.789178,225,1959.710774,2.5805967977436146,True,0.0431666091431192,0.0,False
53.718272,149,1959.976642,2.3853136074980394,True,0.044751221855750166,0.0,False
-162.328558,500,1963.515879,2.830258755211917,False,0.17879555326354282,0.0,False
60.033765,118,1963.723623,2.4211319483266402,True,0.04661775807294159,0.0,False
94.556331,148,1964.001568,1.1417164723756046,True,0.04944448688921503,0.0,False
-61.554352,219,1964.383988,3.4312705278229605,True,0.047071752974325025,0.0,False
-4.93056,185,1964.731272,1.7039649368664043,True,0.04941498375947556,0.0,False
-32.632043,336,1965.339701,2.4597962223778636,True,0.04932805887259965,0.0,False
97.349954,163,1965.640657,1.022137155133054,True,0.047081721712547445,0.0,False
91.503417,199,1965.983889,1.2107506726754742,True,0.04968207863961428,0.0,False
55.768331,245,1969.044016,1.3097061249463309,True,0.049938429764950304,0.0,False
121.88844,102,1969.227551,1.4281150249723347,True,0.03976673852930728,0.0,False
-20.368025,185,1969.553689,2.236777043985418,True,0.04707200902213144,0.0,False
108.646537,166,1969.84761,1.0785024666157776,True,0.048223000497407985,0.0,False
-5.585298,203,1970.205676,1.768050558702771,True,0.045443773777658965,0.0,False
-536.647712,500,1971.097986,-4.746403236803073,False,0.4100863042740781,0.0,False
-12.541161,393,1971.818014,1.9695005003714905,True,0.049888638573349714,0.0,False
35.236371,144,1972.075329,2.3590879499525954,True,0.04422138668198496,0.0,False
89.89335,200,1972.408399,1.2181785948495656,True,0.04983566113700191,0.0,False
77.256163,164,1975.335199,1.1217955125257852,True,0.04951477499304075,0.0,False
25.9565,143,1975.594883,2.769004475069424,True,0.04793974535792222,0.0,False
-59.847774,228,1975.999411,1.9804974645911968,True,0.047640597663064166,0.0,False
-177.897462,308,1976.569648,-1.939757654704096,True,0.04995062244578319,0.0,False
-30.63111,230,1976.956512,1.6257659795919126,True,0.049474298873120166,0.0,False
26.369345,158,1977.235435,2.2273491641032566,True,0.042809192471980555,0.0,False
61.557217,131,1977.478467,2.3234393738958916,True,0.04667524085613726,0.0,False
-266.904153,500,1978.374832,4.744086749800021,False,0.2863820149506978,0.0,False
72.90533,124,1978.60281,1.3070483137928632,True,0.04959925702029399,0.0,False
50.192963,167,1978.903248,1.0651224310696628,True,0.048586298762805145,0.0,False
-172.939612,500,1982.495862,2.061039109101626,False,0.09608862852985386,0.0,False
-605.184458,500,1983.403109,3.0309133112175783,False,1.0679730191919277,0.0,False
96.714855,126,1983.636002,1.5203295880813008,True,0.044591129264488195,0.0,False
72.614759,124,1983.858294,2.42616255330801,True,0.042958308581048994,0.0,False
21.654434,204,1984.231026,2.9009235939266005,True,0.04718871645979293,0.0,False
73.893637,144,1985.713576,1.7480111006176073,True,0.041990903080547495,0.0,False
-320.967282,500,1989.283755,2.888614854273991,False,0.22034826545854735,0.0,False
-272.630992,500,1990.188269,4.0468837221940515,False,0.12305689669898001,0.0,False
-277.37279,440,1990.981563,-0.8770548770281954,True,0.04841727049208479,0.0,False
129.892979,98,1991.164567,0.7591317364080991,True,0.044715360011848865,0.0,False
-39.295031,282,1991.670792,3.6389550839878817,True,0.04930835103193998,0.0,False
114.145944,137,1991.906575,0.8368873626163913,True,0.048013849689279124,0.0,False
-31.2872,188,1992.253924,1.8284882935983882,True,0.04613088012180519,0.0,False
99.073115,155,1992.514291,0.8037023056042493,True,0.048342317046049,0.0,False
-2.558491,150,1992.780807,1.9136525156155035,True,0.04733267034270635,0.0,False
-437.97428,500,1996.314618,3.351196908549533,False,0.08799239309676747,0.0,False
58.257129,230,1996.748154,1.5290514631613052,True,0.04768641459018887,0.0,False
77.65953,161,1997.040092,1.063367829930155,True,0.04779029073324289,0.0,False
-225.496729,500,1997.962356,2.465140375701202,False,0.3002917937543709,0.0,False
45.760014,142,1998.218456,2.4995490414753276,True,0.04390276241272908,0.0,False
24.052393,311,1998.765023,1.4692253960396018,True,0.04825764740274942,0.0,False
80.103962,113,1998.978835,1.9915728488410547,True,0.04672677899446296,0.0,False
53.506791,257,2002.049404,1.3766025937319175,True,0.04904816808862862,0.0,False
-124.405444,500,2002.958706,2.6616849133531573,False,0.1431453533483132,0.0,False
-34.006389,346,2003.592385,1.9891972547660073,True,0.049610567688282294,0.0,False
81.976605,231,2004.006988,1.1290111449868148,True,0.04971583914957575,0.0,False
63.259007,222,2004.407365,1.3392977548568852,True,0.047708149864384805,0.0,False
-245.96937,500,2005.329199,4.318131105431335,False,0.14007889925225017,0.0,False
-9.729129,180,2008.272466,2.0988611980020937,True,0.04415605004271602,0.0,False
116.21861,108,2008.464263,0.9296154761898182,True,0.04958327806383933,0.0,False
-328.918243,500,2009.375932,3.419023028326751,False,0.4253354873327968,0.0,False
-454.35727,500,2010.266284,5.188706380725929,False,0.3627749905195434,0.0,False
-328.421041,500,2011.173919,2.0725753971275904,False,0.524277763662068,0.0,False
50.980137,149,2011.449242,1.9838254749255626,True,0.04616048641633609,0.0,False
98.614411,167,2011.752995,0.9272040767934326,True,0.04889341370147471,0.0,False
-139.553713,500,2015.276491,1.9959324761855008,False,0.09691262210204608,0.0,False
79.074994,195,2015.631726,1.348076124002395,True,0.047304913484167266,0.0,False
-90.957238,279,2016.139508,2.580125901801012,True,0.047524890685510385,0.0,False
-405.644356,500,2017.471802,3.73177319653464,False,0.6969735901191391,0.0,False
112.01143,107,2017.663757,1.096572235094215,True,0.047347469040621364,0.0,False
122.722798,100,2017.833427,1.2019180978105903,True,0.047133306228425445,0.0,False
96.659843,267,2018.302427,1.2153263933092322,True,0.04887765274892831,0.0,False
108.700662,116,2018.520592,1.3093289173612606,True,0.04578705694851296,0.0,False
74.001693,151,2021.413855,1.295087044817645,True,0.04977698430184928,0.0,False
121.632829,89,2021.58131,0.9417047239574551,True,0.04923395918881793,0.0,False
125.922511,75,2021.72502,0.6578431170773201,True,0.04985309982798391,0.0,False
59.839747,154,2022.009407,1.352034853141053,True,0.049933827192287464,0.0,False
125.041328,101,2022.189837,0.8321498795039655,True,0.04427611564036454,0.0,False
45.628646,195,2022.536983,1.4492013984281968,True,0.04977684267702844,0.0,False
40.73301,222,2022.95065,1.1692503426049776,True,0.04997208483917563,0.0,False
54.507918,236,2023.354762,1.3981290662929968,True,0.04989749521927897,0.0,False
95.054241,119,2023.56753,2.115071929448132,True,0.04556660796049115,0.0,False
14.682936,266,2024.129682,1.7381445562755797,True,0.04689619474368879,0.0,False
34.970798,128,2024.410588,2.4298750613362174,True,0.044429797847124905,0.0,False
96.261485,160,2024.734232,0.9822996292630444,True,0.04751886802798132,0.0,False
40.143366,123,2024.976636,2.354767642589885,True,0.045934598991462045,0.0,False
-22.223168,189,2028.380807,2.0107800894643457,True,0.048459613555080695,0.0,False
43.507863,175,2028.811413,1.4433077545057365,True,0.04804243662989391,0.0,False
76.145118,132,2029.085671,1.1096613147451666,True,0.049464468088067884,0.0,False
99.432595,149,2029.420768,1.3135878950870126,True,0.04960207257943873,0.0,False
61.249242,243,2029.964893,1.3262637816166627,True,0.04978206470868251,0.0,False
97.236796,189,2030.328259,0.8532997565579525,True,0.04903672690725435,0.0,False
67.640324,235,2030.757571,1.298352532488242,True,0.048248272952426195,0.0,False
110.831324,106,2030.949234,0.8721121383535084,True,0.04971774914939631,0.0,False
-504.950736,500,2031.872756,3.371750515154711,False,0.8323169076659752,0.0,False
92.308363,127,2032.129059,1.280452124812959,True,0.049761405976908236,0.0,False
115.110699,125,2035.696028,1.8847238985484598,True,0.03760247777223432,0.0,False
52.792191,246,2036.175193,1.4624779223722997,True,0.04819310112899576,0.0,False
24.828481,183,2036.523038,1.2203913290934507,True,0.04894479617554622,0.0,False
-114.689475,340,2037.228644,3.1173268440985047,True,0.04822530482449235,0.0,False
-159.451002,500,2038.311333,2.1965151675142143,False,0.31324189014684695,0.0,False
70.168653,222,2038.731026,1.8221316299140333,True,0.04844549413081237,0.0,False
17.585703,155,2039.028182,1.79566648865372,True,0.04779692115136388,0.0,False
87.72997,121,2039.265125,2.1724370160379856,True,0.04708807054945958,0.0,False
111.591813,137,2039.52091,0.8975042426479094,True,0.04887632078005273,0.0,False
14.281258,286,2043.155781,2.9903197028973825,True,0.049873586527943076,0.0,False
20.421243,152,2043.429793,1.9065734609538443,True,0.049925413717162005,0.0,False
86.905501,131,2043.668505,2.0918635132005168,True,0.045995191202784114,0.0,False
-34.818892,198,2044.034501,1.6629554526452834,True,0.04941275532975883,0.0,False
-322.788024,500,2044.969624,3.9199647824610206,False,0.4523000201018387,0.0,False
44.604308,206,2045.333267,1.521206067399406,True,0.048276447489966484,0.0,False
108.588194,117,2045.544222,2.220988939880836,True,0.04562131681341399,0.0,False
76.28077,117,2045.753995,2.3201705409076228,True,0.04894105558004963,0.0,False
95.449883,242,2046.213181,1.3640497227459598,True,0.04940062364444779,0.0,False
57.400638,142,2046.451586,1.9283545074803532,True,0.042035039567913005,0.0,False
-451.372726,500,2050.13082,3.6000582788345206,False,0.7247727263603873,0.0,False
-267.771148,500,2051.051102,2.899963109085472,False,0.4364379906244828,0.0,False
-665.64153,494,2053.749474,-3.288478313058838,True,0.04873501673174864,0.0,False
131.554143,81,2053.897449,0.6357917249123576,True,0.04772961469609103,0.0,False
121.602734,106,2054.09586,1.2478872268013315,True,0.047550395048394895,0.0,False
-343.562912,500,2057.65395,2.5706269241030917,False,0.4979034208329148,0.0,False
-149.521544,500,2058.561113,2.262988391683697,False,0.07381347895824673,0.0,False
116.001852,110,2058.756753,0.9906906234004758,True,0.04867014785472325,0.0,False
85.980539,164,2059.055408,1.2697537505346723,True,0.04910109729663826,0.0,False
38.768049,201,2059.415628,1.3253546921555246,True,0.04723989152772798,0.0,False
-310.054627,500,2060.342469,2.7719835292051505,False,0.5363853271898219,0.0,False
1.652441,186,2060.667258,1.43524948339834,True,0.04758566758385127,0.0,False
14.483027,171,2060.98196,2.004601647453446,True,0.04377951242996278,0.0,False
60.289463,223,2064.061379,1.2014413106345592,True,0.04933317240503297,0.0,False
7.044434,220,2064.469328,1.9031237561311727,True,0.047771535187365016,0.0,False
-223.058437,500,2065.397507,2.9030211326359727,False,0.2383695870227989,0.0,False
3.965217,146,2065.667089,2.4607224249882798,True,0.04973710846749988,0.0,False
9.209005,235,2066.093814,1.7116463791794132,True,0.04990961248539853,0.0,False
-291.100681,500,2067.016942,3.8229660752511765,False,0.09507842913574699,0.0,False
-91.088959,484,2070.559974,3.3996179007836353,True,0.04857333324363795,0.0,False
16.130387,238,2070.986207,1.7084402357393056,True,0.048328056149405905,0.0,False
15.036661,173,2071.281057,1.8607027250894246,True,0.04304367602473543,0.0,False
82.012007,129,2071.506703,2.1006462042302503,True,0.048991000644995515,0.0,False
-408.679263,500,2072.433628,4.028354265908232,False,0.5950324558401692,0.0,False
-743.98514,500,2073.366219,-3.7718855559172013,False,1.0428925949405832,0.0,False
-153.935379,500,2077.060612,2.438141627834822,False,0.09632949725781868,0.0,False
-29.558697,319,2077.635884,1.83313411410486,True,0.04962166323700881,0.0,False
28.828466,145,2077.902797,2.1124040907369297,True,0.04101290179600803,0.0,False
1.750411,166,2078.208115,1.9622754143971204,True,0.04460988261046268,0.0,False
-79.062735,300,2078.747653,1.6988803740975127,True,0.049843181069389945,0.0,False
-258.761702,500,2079.653945,3.2957685076938947,False,0.1412220582451624,0.0,False
-4.033751,363,2080.308825,1.8983121865552122,True,0.049894444662606785,0.0,False
-674.46785,500,2083.872122,-2.2537572701993,False,0.8162414477315314,0.0,False
119.012231,104,2084.05769,1.2726254782994917,True,0.04616178167863723,0.0,False
-840.740458,500,2085.911822,-5.805434616826037,False,0.43296815047964,0.0,False
36.271839,248,2086.360183,1.7038916706957723,True,0.04791724788446484,0.0,False
122.123257,103,2086.550064,0.7262341445894612,True,0.046631363965587216,0.0,False
119.475086,110,2086.753692,0.988640487226781,True,0.048247588310572014,0.0,False
-373.01444,500,2087.795799,4.3010994761606485,False,0.4642966760127431,0.0,False
75.83116,249,2090.874052,1.315273715855561,True,0.04931051692223803,0.0,False
18.546833,294,2091.421407,2.2712522712870524,True,0.04910321301377274,0.0,False
116.260072,106,2091.6292,1.0547551305239946,True,0.04954993077913795,0.0,False
88.407191,195,2091.97885,1.1684496750695714,True,0.04951388160942187,0.0,False
110.069474,114,2092.176248,1.0091543335209496,True,0.04977643589370259,0.0,False
86.922952,161,2092.464246,1.0579340151077212,True,0.04937871246650964,0.0,False
71.142229,214,2092.872348,1.1112163454411232,True,0.04899127666136468,0.0,False
114.217237,115,2093.098349,0.9085069863154773,True,0.04758410004579171,0.0,False
79.767886,211,2093.481216,1.2026807813143336,True,0.04841115469353928,0.0,False
-336.641016,500,2094.418735,2.139889050961833,False,0.5588426277797135,0.0,False
-4.113064,164,2097.401882,1.9396583626486394,True,0.04917600953161096,0.0,False
84.405094,192,2097.746382,1.1248160728043854,True,0.049477521715418374,0.0,False
50.676692,260,2098.205962,1.4541885460765078,True,0.04898648870251821,0.0,False
-279.939001,500,2099.117201,3.0960069926582654,False,0.3649365347255818,0.0,False
-387.105119,500,2100.040486,3.4351898482263925,False,0.604224519616112,0.0,False
-98.224694,500,2103.609396,2.283965552849461,False,0.1472036880246231,0.0,False
-509.672151,500,2104.600015,2.502907644226432,False,0.9282683928848862,0.0,False
78.438815,172,2104.91807,1.314876594128303,True,0.04968935323948988,0.0,False
84.254425,201,2105.290816,1.0994258997117017,True,0.04996924031919357,0.0,False
-130.53972,500,2106.185334,2.165219719616561,False,0.10167032227271722,0.0,False
-14.937119,366,2106.852552,2.0262892102328016,True,0.04967583496820594,0.0,False
-497.081491,500,2110.48742,5.573359196579841,False,0.16664933520349565,0.0,False
-268.029738,500,2111.403174,3.0527759516240134,False,0.45690130936733725,0.0,False
125.931117,98,2111.5873,1.2098894597094063,True,0.0413634723406525,0.0,False
-265.688088,500,2112.467248,4.290561377436699,False,0.17655808700557235,0.0,False
66.993439,112,2112.668029,1.3652431113755803,True,0.04337282621495119,0.0,False
-134.780741,500,2113.531441,2.7247597980404987,False,0.1489952839457276,0.0,False
91.774706,152,2116.463097,1.0678913688225755,True,0.04987673295779489,0.0,False
-748.342564,500,2117.373698,2.0339178994630163,False,1.4022994754127511,0.0,False
-292.485687,500,2118.767292,3.092222654255683,False,0.10040358286943672,0.0,False
-65.290897,218,2119.166955,1.7467516118196638,True,0.046574038533766744,0.0,False
-761.657996,500,2120.084802,-2.3133533524938747,False,0.9190762975558462,0.0,False
-375.102836,500,2123.652095,2.95513064969877,False,0.6302716398621444,0.0,False
130.787775,94,2123.827006,1.1862181678964772,True,0.04251086188412843,0.0,False
-80.118864,256,2124.291681,1.8682025525841401,True,0.049092871938575755,0.0,False
74.402119,188,2124.64507,1.1781504185063008,True,0.04867523219036109,0.0,False
-28.414497,197,2125.010579,2.046518013437164,True,0.04658200017373089,0.0,False
-126.97774,500,2125.922587,1.995244496574106,False,0.10458288338346874,0.0,False
-398.942087,500,2126.848439,3.9476147473063863,False,0.1213070377819126,0.0,False
29.794422,421,2130.28853,3.0366966256401904,True,0.049920731207799246,0.0,False
-675.934497,500,2131.178619,2.7157201316810404,False,1.2343809315571697,0.0,False
-586.531363,500,2132.093701,-2.199992420898987,False,0.9743539597322121,0.0,False
-552.489756,500,2132.999805,3.6010343363044885,False,0.9414881758886001,0.0,False
-540.579955,500,2136.661444,2.8838127996938465,False,0.976410883981154,0.0,False
-653.278143,500,2137.565014,-1.930796033229947,False,0.7603975469524665,0.0,False
15.383854,212,2137.9495,1.4209487896533184,True,0.048215741793710916,0.0,False
-341.314361,500,2138.859797,-2.3440484784782605,False,0.19793926437476972,0.0,False
118.712161,112,2139.065516,1.5150225093401333,True,0.04941976854078902,0.0,False
102.490816,111,2139.260898,1.5990945816627105,True,0.04629832084618224,0.0,False
-122.002004,500,2142.849267,1.9608546499342545,False,0.13381974113413006,0.0,False
127.24548,93,2143.012594,0.5503446463803735,True,0.048450405424789456,0.0,False
-133.86529,500,2143.917924,1.8977003068302896,False,0.12986204678806698,0.0,False
42.744142,258,2144.378223,1.401157049994254,True,0.048364634368264894,0.0,False
38.549051,145,2144.631848,1.7191268499897823,True,0.04835747719720722,0.0,False
50.10271,154,2144.904864,1.8830781799001364,True,0.04280763076574986,0.0,False
58.117153,187,2145.245857,1.2690089273436014,True,0.0496072132749652,0.0,False
0.541662,166,2145.546534,2.2060985010670575,True,0.04952492596439363,0.0,False
-348.121713,500,2149.107388,2.079900307548305,False,0.6268618342751765,0.0,False
6.387522,200,2149.465806,1.2047870823107605,True,0.04931464323790669,0.0,False
-91.192899,500,2150.798109,1.9565835621659877,False,0.07164780052315659,0.0,False
-685.293674,500,2151.705015,2.573255250773317,False,1.2504778926341014,0.0,False
-218.817091,500,2152.619171,3.948601458468177,False,0.21453484553497332,0.0,False
72.426459,203,2152.98644,1.289501177227653,True,0.04887774984982054,0.0,False
14.572921,175,2155.937123,1.5890950336165344,True,0.047931329673794716,0.0,False
79.938543,194,2156.289294,1.1596577199332558,True,0.04994236965243429,0.0,False
93.211127,199,2156.659751,1.0989382406606691,True,0.049939118294845056,0.0,False
-12.974158,358,2157.290504,1.8460128313009776,True,0.0486327457444416,0.0,False
-60.257978,210,2157.669462,1.9173422060665468,True,0.04918460155377849,0.0,False
34.767687,285,2158.171744,1.3905960231665928,True,0.049289203125262956,0.0,False
-565.745191,500,2159.090097,2.9715965528010067,False,1.018891985052447,0.0,False
75.288098,207,2162.173648,1.0787650566189084,True,0.04913291357879549,0.0,False
130.512363,91,2162.335474,0.9140956174345494,True,0.045715808416861375,0.0,False
28.605051,147,2162.602758,2.118520570359512,True,0.04911920261583292,0.0,False
-189.159046,500,2163.50446,2.4845219287153077,False,0.18067652988510016,0.0,False
-127.331357,500,2164.494529,1.9560766669644503,False,0.1127189941736818,0.0,False
-26.074199,166,2164.776752,2.1592123223255566,True,0.04686981189709775,0.0,False
74.108081,198,2165.134773,1.210114164670089,True,0.04974493350938864,0.0,False
-84.236718,342,2165.753258,3.9191269762809022,True,0.04959048812180408,0.0,False
21.658592,287,2168.943019,1.4033448190059086,True,0.049982544635473455,0.0,False
17.248025,137,2169.195626,2.4514351726433237,True,0.042867613653955486,0.0,False
-732.398655,500,2170.110281,-2.5317995574047893,False,0.7425226260559488,0.0,False
59.874533,116,2170.32405,2.0532344194909826,True,0.04677727369392774,0.0,False
93.010738,177,2170.643521,1.0612260468991421,True,0.049654279608173923,0.0,False
75.238802,138,2170.88843,2.2603573472949012,True,0.04741910855007404,0.0,False
88.865481,114,2171.095688,2.241755294550864,True,0.04048647284256062,0.0,False
30.186045,197,2171.440729,1.1899024468560282,True,0.04835775844366584,0.0,False
94.740203,211,2171.824992,1.0950533382674101,True,0.04944776506454709,0.0,False
-27.955054,272,2174.964718,2.1720258588041523,True,0.048865205638303884,0.0,False
-177.155406,488,2175.853278,4.0427935659776155,True,0.049666949663428404,0.0,False
37.495156,120,2176.071548,2.561364450950849,True,0.0471815202656117,0.0,False
6.047685,165,2176.365911,2.61110263451301,True,0.045904670230398105,0.0,False
54.594189,244,2176.80609,1.4270430458751968,True,0.04979976629334743,0.0,False
113.980014,100,2176.999851,0.8409155908391583,True,0.04941056816775144,0.0,False
112.458791,149,2177.266707,1.0429600690941927,True,0.04907155595265852,0.0,False
0.078864,239,2177.696766,1.7449703252893076,True,0.04929746477435281,0.0,False
-319.249229,500,2178.609551,3.8599807125713226,False,0.2012006893943453,0.0,False
71.344171,123,2182.311388,2.4510901282189472,True,0.044020184003112285,0.0,False
-4.273203,385,2183.010002,1.5814889616464485,True,0.04968162168492149,0.0,False
51.263409,134,2183.256811,2.3431928023277577,True,0.04574770123841476,0.0,False
21.825343,204,2183.621364,1.5844779323602265,True,0.04964522652391507,0.0,False
77.479498,155,2183.906013,1.2473113019423914,True,0.049473515341360776,0.0,False
-161.422609,500,2184.78666,2.2896991344526585,False,0.1415614148204779,0.0,False
94.744005,176,2185.111421,1.0912330127679484,True,0.049432849605524125,0.0,False
-0.129935,188,2185.443862,1.6461003069417879,True,0.047471422857781664,0.0,False
102.066877,111,2185.647582,2.0553553914608185,True,0.048146473403118305,0.0,False
51.518752,159,2188.560494,1.7829984150210803,True,0.04951338938331755,0.0,False
59.121484,150,2188.834157,2.1730077808610067,True,0.049018334555339986,0.0,False
13.603831,163,2189.132176,2.0295972402947315,True,0.04273689519884431,0.0,False
-299.837726,500,2190.059551,2.982289374838138,False,0.4445225836460067,0.0,False
67.917298,146,2190.320539,2.2505270281740515,True,0.047253549896932937,0.0,False
121.996108,94,2190.491918,1.0126256263960747,True,0.049908808956505485,0.0,False
-199.097794,500,2191.413084,2.3188640305568082,False,0.17999701194921552,0.0,False
-62.076412,292,2191.952753,1.9075294019305193,True,0.04926328508312288,0.0,False
-9.36485,204,2195.079249,2.051391037124819,True,0.049048905417599216,0.0,False
115.231356,96,2195.248978,1.2399073492766317,True,0.04160461401088555,0.0,False
114.844185,119,2195.462746,0.7967440388092846,True,0.04976620482318379,0.0,False
-116.987922,387,2196.129818,3.28964539600935,True,0.04821525648957838,0.0,False
43.309208,136,2196.371325,2.150887084072348,True,0.04953334290241495,0.0,False
87.314714,126,2196.6059,1.2218815343648493,True,0.04952799264690038,0.0,False
110.899254,113,2196.808499,1.5444691388478498,True,0.04423762973346871,0.0,False
69.620966,227,2197.224851,1.0914560704209564,True,0.049994856649958744,0.0,False
133.867192,88,2197.393249,0.6081258809795556,True,0.04968236501186736,0.0,False
-313.188069,500,2198.277158,2.0569856862985834,False,0.5156765556120754,0.0,False
-1172.256696,500,2201.892544,-3.8527066754500336,False,0.8773074880754262,0.0,False
71.341008,417,2202.665407,1.6360505957484979,True,0.04940184315554407,0.0,False
-342.257006,500,2203.57943,2.251065617276495,False,0.6040623463169875,0.0,False
87.293284,174,2203.894738,1.117335362210487,True,0.049457082143042966,0.0,False
-3.522256,172,2204.215748,1.8224572868153759,True,0.04544996300893814,0.0,False
117.809667,103,2204.400605,1.0090392081135229,True,0.04896694075660742,0.0,False
103.669908,200,2204.74803,1.1891169566264461,True,0.04973566257698983,0.0,False
66.027988,120,2204.953099,2.3605368350518643,True,0.049038340016695874,0.0,False
-238.606626,349,2208.272657,4.120586989765431,True,0.047751702511238156,0.0,False
72.452269,336,2208.889188,1.1570057520810102,True,0.04986120682285149,0.0,False
67.953756,185,2209.222474,1.3013311737680362,True,0.049306776374225265,0.0,False
130.642689,99,2209.402572,1.0117202097355604,True,0.04912933166186111,0.0,False
99.161087,187,2209.74879,0.938241574892765,True,0.04937018694312701,0.0,False
27.300737,281,2210.263294,1.4552279887962585,True,0.04942527926085951,0.0,False
-9.506747,154,2210.540161,1.91340220922728,True,0.04941719963753394,0.0,False
32.747362,136,2210.779609,1.706194226665405,True,0.04754495891224539,0.0,False
-623.984807,500,2215.413023,4.0880637276996215,False,1.085516829974401,0.0,False
12.754988,241,2215.851329,1.7051397438717975,True,0.04998941045615282,0.0,False
82.332211,384,2216.53528,1.603513835995797,True,0.04945517544686984,0.0,False
-352.538899,500,2217.441367,3.5562501250156293,False,0.5301173327779669,0.0,False
-191.605928,500,2218.362826,4.481268694820017,False,0.09494391395031657,0.0,False
-54.630165,191,2218.704492,2.0791901738356047,True,0.0495292804117788,0.0,False
-44.495443,289,2221.9066,2.1438322350870114,True,0.0495272081730642,0.0,False
-53.161808,322,2222.483689,2.215247415906735,True,0.0482011830077008,0.0,False
7.165315,145,2222.7391,2.368318383318357,True,0.04548546027514107,0.0,False
-60.499411,208,2223.124238,2.0404766509608674,True,0.04769111624398525,0.0,False
-105.937731,244,2223.572263,2.605050195862513,True,0.04895652413684322,0.0,False
68.837568,142,2223.813166,2.13747832527274,True,0.04377967639688341,0.0,False
-21.748379,174,2224.200121,2.2412510830543337,True,0.04683004777955323,0.0,False
-473.274999,500,2225.110543,2.113662155681183,False,0.8487928804352398,0.0,False
55.558363,115,2225.315546,2.302142129044486,True,0.04788047466529223,0.0,False
-94.835156,301,2228.52152,2.032636663156417,True,0.04839129006427445,0.0,False
-3.034643,162,2228.811023,1.769114268528694,True,0.047014298812088434,0.0,False
75.71428,115,2229.012958,1.9248447423444086,True,0.04747181505615425,0.0,False
-25.300526,163,2229.323699,2.1895597974295393,True,0.04423380878071472,0.0,False
96.658866,99,2229.503289,2.0415801264336784,True,0.04687382528982597,0.0,False
92.825878,166,2229.806032,1.1374304027498685,True,0.04777608324065416,0.0,False
76.265437,220,2230.199271,1.5939997073110952,True,0.048817666909630776,0.0,False
65.343934,219,2230.608459,1.3105337007076259,True,0.048991431931184125,0.0,False
55.700647,264,2231.082574,1.5499019424260445,True,0.04883117745621727,0.0,False
-109.851903,500,2234.660252,1.8705057870105815,False,0.09428576053354823,0.0,False
125.27045,96,2234.845293,0.9982775192997504,True,0.04555549266584699,0.0,False
32.032012,200,2235.208635,1.7122337782218338,True,0.04890853819490303,0.0,False
-123.529039,500,2236.139361,2.30135380584008,False,0.13473614159960204,0.0,False
112.708788,110,2236.335408,1.4886904199769295,True,0.04306204563156424,0.0,False
134.018478,89,2236.497572,1.0088148794153635,True,0.04967962632927037,0.0,False
46.224252,129,2236.737004,3.0356330859027474,True,0.04409980615537952,0.0,False
-874.8434,500,2237.637091,-4.4648771794184245,False,1.0052176870298932,0.0,False
113.409907,123,2237.858713,2.455478464548493,True,0.03903273390334059,0.0,False
24.744989,128,2238.095593,2.5723355920495483,True,0.04950067085629836,0.0,False
-228.44304,480,2241.641124,3.981647951670439,True,0.04976082322140451,0.0,False
67.24657,145,2241.906469,1.2468348047549374,True,0.048988425504084006,0.0,False
125.789372,102,2242.082999,1.0393170236739844,True,0.04078246722001753,0.0,False
133.540359,87,2242.237499,0.7540808516476343,True,0.04679172643835071,0.0,False
-7.856565,231,2242.655893,1.9221700052927888,True,0.04837355699394659,0.0,False
-203.445989,500,2243.561158,4.100073452819166,False,0.06228016077072521,0.0,False
-179.33766,500,2245.296788,2.1251713730720576,False,0.20060572373172078,0.0,False
-238.210686,500,2248.886334,2.3408849164541956,False,0.35067279245071065,0.0,False
132.770428,85,2249.046082,0.7178048631639957,True,0.048288590617056155,0.0,False
31.631001,131,2249.279037,2.6109109612100863,True,0.04103251551427748,0.0,False
104.421119,111,2249.482981,0.9871052276114356,True,0.049396293324698096,0.0,False
-73.468612,248,2249.915891,3.343639429195177,True,0.04905966386145978,0.0,False
101.232719,126,2250.142514,1.2764365023333186,True,0.04892479300700874,0.0,False
107.239041,101,2250.326205,1.8234976872077089,True,0.040201136770325635,0.0,False
113.294242,149,2250.597537,1.0596046480550694,True,0.048423091754339405,0.0,False
55.946872,237,2251.022954,1.4276832851008863,True,0.048812475189941466,0.0,False
93.865932,146,2251.283954,0.8912977571793035,True,0.04746985213141404,0.0,False
-307.870081,500,2254.943279,5.1774232773837685,False,0.19452565291392476,0.0,False
127.460601,71,2255.063501,0.783082496588726,True,0.04789864290703605,0.0,False
-177.33486,500,2255.996243,1.8744788744847463,False,0.2419901644281926,0.0,False
70.164558,112,2256.202821,2.1258836267397063,True,0.04860678482584682,0.0,False
100.889158,109,2256.402651,0.8452612276648848,True,0.04854872349273421,0.0,False
11.736342,159,2256.693406,1.6974408326109651,True,0.04921132755255083,0.0,False
-623.599221,500,2257.625472,3.7940582789169652,False,1.0484531061253235,0.0,False
86.909983,213,2257.995507,1.3213179460851652,True,0.049994473248671754,0.0,False
126.569823,107,2258.188014,0.7685355583428884,True,0.04678640701496051,0.0,False
-2.417374,274,2261.351894,1.6450525588083726,True,0.047326682398569846,0.0,False
-80.334702,264,2261.820228,2.2834228354594863,True,0.04991585583387356,0.0,False
-169.068738,500,2262.749117,2.6652666890909846,False,0.11502954748157469,0.0,False
-270.737855,500,2263.647862,2.4885898597062703,False,0.3702060357207672,0.0,False
18.951317,172,2263.948262,1.4788613869645835,True,0.046167261808237034,0.0,False
90.59411,140,2264.197015,0.950844784533337,True,0.049003461322327635,0.0,False
53.125119,145,2264.469087,2.5157817396224065,True,0.03992055321076892,0.0,False
97.882738,135,2267.414279,1.3559712599023312,True,0.04588955732633408,0.0,False
-621.144408,500,2268.32932,4.235088785900401,False,1.046362734037822,0.0,False
101.852819,108,2268.524903,1.4956159607771893,True,0.04268228916882167,0.0,False
110.334306,118,2268.730452,0.896835220481141,True,0.04953123254899094,0.0,False
50.194194,122,2268.933893,1.9302609971685991,True,0.04924180112670835,0.0,False
21.931609,236,2269.360664,2.0669706031668444,True,0.048285407183499725,0.0,False
89.441701,315,2269.925309,1.3260327252416293,True,0.049428766856198195,0.0,False
37.903678,143,2270.19732,2.130006055276591,True,0.049940362304885404,0.0,False
-28.775664,168,2270.494619,2.4853846501163166,True,0.04700672969942501,0.0,False
115.931414,127,2270.726723,0.7918223776268423,True,0.04955842501634865,0.0,False
100.837906,127,2270.954256,1.4340764252051623,True,0.04943685067314973,0.0,False
133.946132,91,2273.771777,0.6865353383412857,True,0.043761620951644056,0.0,False
37.140882,126,2273.988336,2.728440914261403,True,0.04246529591575055,0.0,False
-39.177047,266,2274.458573,2.4525771017933256,True,0.048285167332836984,0.0,False
62.114722,261,2274.946306,1.3207068500606274,True,0.04887340385480297,0.0,False
83.560662,178,2275.265826,0.9202576018807259,True,0.04848330140818997,0.0,False
30.220152,180,2275.593037,1.5669466959493779,True,0.049030783342244144,0.0,False
13.862518,286,2276.121147,1.5505590659564983,True,0.04928280239131847,0.0,False
113.056047,113,2277.670408,0.8430188630486586,True,0.04911176961584476,0.0,False
31.243867,205,2278.046731,2.198523729051386,True,0.048174662874416664,0.0,False
122.267013,105,2278.247013,1.0215510686453502,True,0.04731680246006379,0.0,False
114.373237,106,2278.438154,0.9185705580541345,True,0.0476064960679349,0.0,False
111.454969,146,2278.704964,0.8639887436705656,True,0.04972128180854033,0.0,False
-137.008617,482,2282.369588,3.507368773812985,True,0.04878000816292152,0.0,False
-191.209879,500,2283.294382,3.3378198607422886,False,0.17441557001704547,0.0,False
96.373588,105,2283.483024,1.4703646328026878,True,0.041737665136665436,0.0,False
69.819671,122,2283.705023,1.1883496645151421,True,0.04651065107423364,0.0,False
-7.230206,145,2283.983965,3.0612805215463483,True,0.04555360643491774,0.0,False
50.907377,215,2284.438724,1.4636693276101376,True,0.04927704079891774,0.0,False
78.107513,135,2284.679899,1.918068268835423,True,0.04891320994905711,0.0,False
79.21568,138,2284.926895,1.7208315124491964,True,0.04663772576126186,0.0,False
-1.512738,363,2288.175281,2.4330715901803086,True,0.04912953914701991,0.0,False
63.885368,186,2288.521962,1.2305105510790502,True,0.049643817693233123,0.0,False
74.507345,215,2288.889227,1.370512457177777,True,0.04890335124478102,0.0,False
124.142353,99,2289.062561,0.9762823167485958,True,0.04901405262385079,0.0,False
72.285694,138,2289.309981,2.12322179431947,True,0.04245898549104897,0.0,False
-92.227063,215,2289.703463,2.177424159009646,True,0.04980038914221732,0.0,False
-204.370915,500,2290.565889,2.8719646351114947,False,0.2483673105926145,0.0,False
103.435188,164,2290.85904,0.8846682439269127,True,0.04859672071778319,0.0,False
-6.157336,155,2291.129251,2.0121430159554334,True,0.049844068649594994,0.0,False
-103.467716,277,2294.279067,2.652399174880075,True,0.04953491072532419,0.0,False
78.560483,161,2294.562536,1.0067264464696004,True,0.04888665253367195,0.0,False
-12.405341,233,2294.974292,1.8123807307757902,True,0.04839155052306149,0.0,False
76.989839,162,2295.258529,1.0195669853582099,True,0.049515766599546644,0.0,False
78.929651,133,2295.506427,2.7420018475704726,True,0.03665071044037899,0.0,False
-9.808867,160,2295.789145,1.8525047232127716,True,0.046994401998748186,0.0,False
-215.336791,500,2296.656647,2.8201607070724224,False,0.10734835844241605,0.0,False
49.138891,244,2297.097361,1.165139485059948,True,0.0488468213817886,0.0,False
63.534577,162,2297.375203,2.17879084334899,True,0.03930736823076292,0.0,False
57.16901,160,2297.661123,1.5905870401961686,True,0.04639342415168176,0.0,False
14.105518,237,2300.686351,1.6538290064619643,True,0.04946672731433585,0.0,False
38.241856,286,2301.190567,1.7861870728170233,True,0.04984712929572484,0.0,False
96.938136,176,2301.462872,1.1660819181862419,True,0.04964207227809317,0.0,False
16.640061,156,2301.730103,1.5740075824869797,True,0.047090237840322915,0.0,False
-169.302903,500,2302.619809,2.066853599850929,False,0.24378220401362327,0.0,False
-43.497311,312,2303.171273,3.1278194637359977,True,0.04953673505928864,0.0,False
122.438997,121,2303.389124,2.1198629151696,True,0.03623984045996041,0.0,False
48.574144,147,2303.648505,2.750551414187432,True,0.040291293609940534,0.0,False
118.231345,118,2303.855447,1.0040295254809517,True,0.04820471532182971,0.0,False
-566.634448,500,2307.367948,2.4171801558363057,False,1.0116608491228107,0.0,False
126.944536,82,2307.511905,0.9313674836448249,True,0.04875456773155566,0.0,False
-76.892762,250,2307.952918,2.5742381647764008,True,0.046448169412189405,0.0,False
-4.817434,291,2308.452773,3.685582495964604,True,0.04755605245067644,0.0,False
119.07646,118,2309.488089,0.8496520707153582,True,0.04911233972496216,0.0,False
39.43409,204,2309.859185,1.2368130999356293,True,0.04679615730966136,0.0,False
120.208829,127,2310.092029,0.8079863073933939,True,0.04973019748044839,0.0,False
-5.627874,179,2310.414447,2.0361876338360285,True,0.04376067870633157,0.0,False
117.086138,127,2310.648996,0.8469989108722317,True,0.049661973487893765,0.0,False
25.416086,133,2310.88495,2.4057232496226515,True,0.045484182659950016,0.0,False
91.242987,101,2311.064843,1.2557517307535906,True,0.049287208697183914,0.0,False
80.755433,123,2313.909169,2.264849273916976,True,0.04829530271798052,0.0,False
99.826892,99,2314.151181,0.9006470495363951,True,0.049732909268724354,0.0,False
84.343256,177,2314.445482,1.1216388027900681,True,0.04876960299828589,0.0,False
99.896487,175,2314.747036,1.1554370897465975,True,0.0491366333057499,0.0,False
100.385083,126,2314.965881,1.0320678807539823,True,0.04967142464586566,0.0,False
104.262203,111,2315.167055,2.108466737965137,True,0.041844636853677994,0.0,False
-526.220105,500,2316.053306,3.4915359549112273,False,0.8656638012532202,0.0,False
79.241129,145,2316.303893,1.3972781303053914,True,0.04076279806193203,0.0,False
-598.973127,500,2317.18472,3.6205030918761296,False,1.000543051409585,0.0,False
-220.867222,500,2320.684123,2.1595909639521174,False,0.25329697966518927,0.0,False
73.787851,122,2320.897992,1.2890278529263317,True,0.04943851173484667,0.0,False
-431.769533,500,2321.789828,-3.240360229145359,False,0.388278643891814,0.0,False
86.672374,140,2322.029129,1.5436511846313188,True,0.04479616329483124,0.0,False
28.707395,220,2322.410195,1.640371132082851,True,0.049112053314452606,0.0,False
-332.057529,500,2323.293673,2.475682931925659,False,0.5719539731455262,0.0,False
31.898322,167,2326.248143,1.013381275799811,True,0.049097764179186654,0.0,False
92.948042,126,2326.464479,1.1083534431573268,True,0.04972969596635167,0.0,False
88.940386,169,2326.766317,1.0933034267720352,True,0.04845862774808124,0.0,False
46.968702,118,2326.970244,2.2587254611057705,True,0.048551495745952675,0.0,False
21.702954,141,2327.231287,2.1292110012594874,True,0.04482475764696486,0.0,False
-143.740524,267,2327.697397,2.570769810024728,True,0.04966839702011686,0.0,False
-153.278418,500,2328.572826,3.1077585295450048,False,0.15228655415076064,0.0,False
-14.623963,500,2329.455763,2.5856575581241223,True,0.04907040911679884,0.0,False
43.96098,257,2332.745814,1.5480091051168978,True,0.048992320530502974,0.0,False
121.20065,89,2332.913465,0.7029404558816298,True,0.04692725315327392,0.0,False
-104.658342,500,2333.83952,1.7648019334937237,False,0.09329477506591427,0.0,False
-88.612748,318,2334.418324,2.7756887887207027,True,0.048198275827789815,0.0,False
64.814013,164,2334.715665,1.257658732538178,True,0.047647687347892057,0.0,False
-57.214678,206,2335.085302,2.5403593186000433,True,0.04434971114989819,0.0,False
104.221896,109,2335.287035,0.8042180721189416,True,0.04928469014074596,0.0,False
118.031744,109,2335.479545,1.7192122450818752,True,0.04481344408772011,0.0,False
-271.460534,500,2336.370034,2.8257200440384724,False,0.16632306172670985,0.0,False
-183.994132,500,2339.90906,4.289944274440094,False,0.12010805225185081,0.0,False
-520.832641,500,2342.168961,-3.1217578643683783,False,0.793596888440939,0.0,False
-4.213639,251,2342.615212,1.9222448780045849,True,0.04971921905075831,0.0,False
-261.478426,500,2343.529138,3.422896333016062,False,0.3140667407660994,0.0,False
57.125867,179,2343.839355,2.5201384967755347,True,0.049414572228659984,0.0,False
102.33023,95,2344.046949,0.965383493491601,True,0.048522078353952704,0.0,False
62.996673,158,2346.966093,1.1617771020040708,True,0.04863017216592929,0.0,False
-535.788022,500,2347.878422,4.484364346536746,False,0.8277010938978099,0.0,False
89.036622,131,2348.114724,2.5543135271030715,True,0.0394980158906059,0.0,False
60.442005,145,2348.362914,1.9683482308726303,True,0.048494511722444573,0.0,False
100.706933,122,2348.575895,0.936771152140161,True,0.0487831917574247,0.0,False
72.789977,137,2348.815491,2.058732005857427,True,0.0484213805859832,0.0,False
-8.020071,145,2349.083697,2.6743078221861856,True,0.045164818978214075,0.0,False
-27.900316,147,2349.338627,3.264625457704441,True,0.043478204167717346,0.0,False
-311.3181,500,2350.246878,2.2489051241511335,False,0.5355675109360925,0.0,False
60.022483,136,2353.110395,1.9097074424466318,True,0.04701175467954736,0.0,False
44.480258,166,2353.408329,1.5890888039276847,True,0.049931934412749034,0.0,False
70.508096,195,2353.754405,1.0621725501747534,True,0.04906505632274943,0.0,False
69.577545,171,2354.057093,1.050167578706528,True,0.04783742991355262,0.0,False
131.424673,86,2354.200682,0.5196052646627788,True,0.04657149942880668,0.0,False
80.818149,98,2354.371748,1.6480115244348537,True,0.04434472316731512,0.0,False
-254.548961,500,2355.274007,3.3706046722612677,False,0.37526560440024304,0.0,False
18.101053,145,2355.531163,2.0375211038774754,True,0.0490998159025748,0.0,False
90.61526,174,2355.853112,1.0506326609736676,True,0.04921011584044647,0.0,False
72.373199,140,2356.135731,1.7488033511618628,True,0.046658398139926324,0.0,False
33.96757,240,2356.559412,1.5230106765599452,True,0.04844901666303856,0.0,False
130.361883,94,2356.730198,0.9450407993976808,True,0.04900218948460263,0.0,False
88.69041,127,2359.586961,2.3761236955489524,True,0.03752766950922935,0.0,False
53.091418,156,2359.83595,1.5851779484340074,True,0.043642791305941925,0.0,False
-0.013831,130,2360.058492,2.698993678445595,True,0.0463327406179712,0.0,False
-26.915114,351,2360.673515,1.9848430953919496,True,0.04924499370961938,0.0,False
-4.685943,147,2360.923261,3.0720841981439615,True,0.04675348513582275,0.0,False
-83.953561,376,2361.585577,3.6045246027646467,True,0.0497698748717132,0.0,False
116.957883,113,2361.784842,1.5732078328291241,True,0.045938888294268544,0.0,False
126.999193,98,2361.947245,1.0426484188448728,True,0.049644624588868494,0.0,False
-236.255013,500,2362.834018,2.9198723331286724,False,0.29745292400813805,0.0,False
103.180226,124,2365.667666,1.9984031890636862,True,0.047050422335234994,0.0,False
12.214011,413,2366.384705,2.8644048535553264,True,0.04974913041482809,0.0,False
109.732897,125,2366.604067,0.8557341438079811,True,0.04832640956808606,0.0,False
76.174248,156,2366.868712,1.1345346711325854,True,0.04935677175253899,0.0,False
41.79167,176,2367.190869,1.17284641447355,True,0.049424896329108015,0.0,False
61.507885,108,2367.376948,1.8546485002214927,True,0.048524810902221,0.0,False
-727.031647,500,2368.293056,-3.9587479227056375,False,1.0349368873506153,0.0,False
-10.698796,164,2368.568637,1.992240341760037,True,0.04807498306072992,0.0,False
30.101843,137,2368.803271,2.1256089639407003,True,0.04829927216734283,0.0,False
126.800008,105,2368.985271,0.6600587944451378,True,0.048979555648936676,0.0,False
106.895736,147,2371.9134,0.8442569669148599,True,0.047444239547061964,0.0,False
129.581245,98,2372.091407,0.627282794916124,True,0.049139160530587124,0.0,False
116.253855,114,2372.298994,0.7997889337731745,True,0.04624392053680293,0.0,False
-107.743305,199,2372.643446,3.3319939872848163,True,0.04506526331390218,0.0,False
108.655652,114,2372.858239,1.8043207548903288,True,0.04647864561517598,0.0,False
95.06123,128,2374.48621,1.2799337976258673,True,0.04153554492952063,0.0,False
-383.93618,500,2375.365975,-2.972542383289023,False,0.22675196591961325,0.0,False
57.472661,126,2375.588346,1.9944629480199205,True,0.04766055544177826,0.0,False
-8.819963,165,2375.880013,2.8202267097678835,True,0.03969135852253273,0.0,False
119.391091,87,2376.033386,0.9966042424075428,True,0.046687962725853446,0.0,False
10.339629,331,2376.639406,2.32306630955443,True,0.04958703439656037,0.0,False
108.837046,143,2379.495224,0.8097254914944403,True,0.04956727516413668,0.0,False
-289.772045,500,2380.378851,1.8453610670299498,False,0.42335607296357647,0.0,False
-28.107406,208,2380.761261,2.153576319521462,True,0.04614923995073631,0.0,False
14.682026,274,2381.247041,1.6878064107491981,True,0.04983320838234185,0.0,False
-292.068749,500,2382.166364,4.498050612634428,False,0.1977583238726813,0.0,False
95.413079,113,2382.352178,1.1324610883903008,True,0.04855965733888726,0.0,False
86.158934,141,2382.599283,0.9375676214643672,True,0.04908643545095728,0.0,False
-456.23562,500,2386.124519,2.516009544238163,False,0.8285568097629314,0.0,False
57.627549,156,2386.407658,1.7363619265550112,True,0.04430351178454404,0.0,False
15.190443,227,2386.811079,1.5919906153288572,True,0.04766550895615699,0.0,False
104.448971,120,2387.031332,1.1216766018685738,True,0.0477926309648155,0.0,False
17.324871,138,2387.259339,2.5417786275085468,True,0.0496717483588112,0.0,False
-225.090519,500,2388.145719,2.952428497838703,False,0.15960247232446403,0.0,False
82.390477,143,2388.390149,1.0565766523737836,True,0.047895171483515124,0.0,False
-137.545141,397,2389.114243,3.3975288389168226,True,0.04799414982174268,0.0,False
-190.698542,500,2392.624095,2.346256171737316,False,0.28366770853524376,0.0,False
-748.876246,500,2393.536975,1.4763681919099658,False,1.4087208340036101,0.0,False
128.704625,85,2393.691696,0.584073664867886,True,0.04921434186615402,0.0,False
5.94955,240,2394.113974,1.7132277199049317,True,0.04833876341214691,0.0,False
39.832195,129,2394.330616,2.5385541708236934,True,0.04865886623866483,0.0,False
-416.028341,500,2395.2289,1.7603344912788952,False,0.7739132054002508,0.0,False
87.398548,127,2395.459379,1.9949313332914564,True,0.04607714308207124,0.0,False
101.038964,113,2395.658383,1.760954452430465,True,0.03952009513989867,0.0,False
-359.77668,500,2399.150616,5.673327542163701,False,0.3402925484671035,0.0,False
35.422441,223,2399.537308,1.425670715390002,True,0.04835553390136092,0.0,False
37.460699,304,2400.088657,1.603841537912118,True,0.04950067675988345,0.0,False
104.5024,126,2400.314021,0.8906866899347095,True,0.04856420852338412,0.0,False
-205.247618,500,2401.234448,2.4424705174947583,False,0.2602014426396213,0.0,False
24.209109,141,2401.481749,2.380715646668288,True,0.04523137336619794,0.0,False
91.92813,140,2401.72305,1.115231390009106,True,0.04696745681465878,0.0,False
86.000719,135,2401.956647,1.1791439586924533,True,0.04519039212654401,0.0,False
110.770745,99,2404.805209,0.8069566345119914,True,0.04718756630835655,0.0,False
40.848225,214,2405.183794,2.1394285568089177,True,0.04912429237216269,0.0,False
83.459239,150,2406.346393,0.9547068773046954,True,0.04880063214892736,0.0,False
-11.646646,236,2406.777525,1.647270088374267,True,0.04918231833127182,0.0,False
93.194703,126,2406.997655,0.8475457761593825,True,0.04979768112966232,0.0,False
8.431664,456,2407.798524,2.2291746691585566,True,0.0499469795444939,0.0,False
-71.878518,193,2408.155085,2.221768792659736,True,0.04953657734603855,0.0,False
98.740694,119,2408.35767,1.8836482949858435,True,0.04283565623906676,0.0,False
94.287284,146,2408.6138,1.042322241242243,True,0.049956719757560795,0.0,False
-22.841618,270,2409.098037,1.9700075439981233,True,0.048523415150896934,0.0,False
113.904703,114,2411.866721,0.7119005068065813,True,0.046660354093611335,0.0,False
-127.338984,334,2412.46348,3.0403011522339685,True,0.04850364095440229,0.0,False
65.518337,178,2412.777622,1.0587704318365194,True,0.049779995497480994,0.0,False
-51.514846,196,2413.098161,1.9098318593680923,True,0.04888609798919378,0.0,False
35.0292,487,2413.955257,1.8980120221555978,True,0.04979716495813743,0.0,False
84.11256,139,2414.2054,2.2622793088365873,True,0.04277665660863749,0.0,False
122.655024,100,2414.36735,0.8901809819713293,True,0.049174260546595266,0.0,False
63.034192,156,2414.646003,0.99923040535516,True,0.04815841279890992,0.0,False
95.207512,143,2414.90338,0.8580900537618554,True,0.04996517355245261,0.0,False
-103.684633,500,2418.453369,1.8798695776172725,False,0.15130373821483323,0.0,False
90.147486,136,2418.682895,1.2442894242490643,True,0.04685354894606445,0.0,False
45.298004,122,2418.899,2.869768536307457,True,0.046650529640845415,0.0,False
116.998435,99,2419.065312,0.7572094429675725,True,0.0472729506216603,0.0,False
102.281758,126,2419.299183,0.9381703486548642,True,0.04961371869692574,0.0,False
34.850431,246,2419.737001,1.5191603518874603,True,0.049165387123027066,0.0,False
-232.834169,500,2420.645694,2.20828253586642,False,0.3251230011616985,0.0,False
41.8439,157,2420.920877,1.783985842818363,True,0.04900687212083866,0.0,False
-321.338916,500,2424.412859,-2.686737514676552,False,0.14828520972318607,0.0,False
25.554882,384,2425.112686,1.7573931936502174,True,0.04989096782500829,0.0,False
77.295865,138,2425.362761,1.2127219451943456,True,0.04948690105142737,0.0,False
69.241954,107,2425.553052,2.1379405530035243,True,0.03938665755444265,0.0,False
109.196059,124,2425.770986,0.8215161433174285,True,0.046933262098958,0.0,False
73.985198,151,2426.040051,1.224550905351556,True,0.04749889792609227,0.0,False
120.900401,109,2426.2273,0.9519248157197495,True,0.04375061132511082,0.0,False
117.821892,98,2426.392107,1.2397715976127681,True,0.04169455091804139,0.0,False
24.148438,182,2426.699465,1.2559086183405084,True,0.049459205258266054,0.0,False
101.048274,124,2426.919343,0.9408240079541006,True,0.04816606393927501,0.0,False
-252.181433,500,2427.795455,2.303899963761329,False,0.397121081722212,0.0,False
-515.696557,500,2431.287794,-2.445108356041649,False,0.4290828627727814,0.0,False
-24.570198,225,2431.69591,3.2954547901608366,True,0.04945304806342531,0.0,False
29.874427,140,2431.950433,2.3788768863140546,True,0.04513238655497784,0.0,False
108.091189,100,2432.12847,0.921684578004029,True,0.04917896382221202,0.0,False
109.198744,115,2432.327086,0.8255533725582437,True,0.04961545377238637,0.0,False
126.903404,84,2432.470048,0.6644406201973134,True,0.04913184984765898,0.0,False
62.114846,153,2432.740955,1.1303390591370561,True,0.04859804729254873,0.0,False
35.4826,124,2432.976616,1.9608866839624106,True,0.04694310072107336,0.0,False
100.960562,128,2433.200032,0.9512322971859422,True,0.04662185784748346,0.0,False
-106.805666,246,2433.648838,2.1011261542404185,True,0.04735383611706801,0.0,False
91.73466,134,2433.881129,1.1474973975354887,True,0.04920662805261177,0.0,False
88.443621,120,2434.164762,2.5185518678780823,True,0.04064453738666479,0.0,False
64.431068,109,2437.027892,3.0567516635870415,True,0.04447596543814193,0.0,False
-320.665,500,2438.528406,2.0342015514545078,False,0.4866858258434519,0.0,False
51.914048,125,2438.742915,2.697861089302536,True,0.049532033051935626,0.0,False
90.957098,168,2439.028704,1.0919705495214846,True,0.04862636348117793,0.0,False
-740.925198,500,2439.929084,1.5526181219229394,False,1.3475664738700988,0.0,False
81.387742,127,2440.158853,2.3950516360474907,True,0.04704178695862042,0.0,False
19.574579,130,2440.394754,2.0528391746337484,True,0.04998702037062699,0.0,False
-2.983397,415,2444.103538,2.0687065446649786,True,0.04966657146624001,0.0,False
-179.879097,500,2445.084464,4.611439036682933,False,0.13570385614551042,0.0,False
-51.302888,248,2445.58392,4.344048728431459,True,0.04916909811183938,0.0,False
87.344511,113,2445.801719,1.9435384254708403,True,0.046398127392665155,0.0,False
105.235933,126,2446.049143,1.0861480141608877,True,0.04839078470701919,0.0,False
115.230381,90,2446.214985,0.8728222712031289,True,0.04931870774489455,0.0,False
70.488259,123,2446.453114,3.1251264812821535,True,0.03823676654802442,0.0,False
83.093064,232,2446.897265,1.9388721408595797,True,0.04893928194353258,0.0,False
35.007324,227,2447.306711,2.027649578916662,True,0.04758766346805852,0.0,False
104.328914,107,2447.50822,2.1166729389127585,True,0.03743440589605494,0.0,False
119.322419,113,2447.724628,2.1862497646500434,True,0.03682957551469468,0.0,False
61.053346,146,2448.02044,1.291355354930362,True,0.04980599400598143,0.0,False
39.781986,243,2451.367125,1.379126954257622,True,0.048213541360646525,0.0,False
80.541398,135,2451.611594,1.101990606216993,True,0.047868280474796424,0.0,False
-81.257498,234,2452.037262,1.9149662308770923,True,0.049682865303836796,0.0,False
47.282022,156,2452.319106,1.4024175664291174,True,0.04645423456368923,0.0,False
50.074469,156,2452.598821,1.334196154096361,True,0.0485019023712855,0.0,False
120.201544,83,2452.754269,0.5981359582523939,True,0.04732957344637513,0.0,False
-69.096855,198,2453.139823,3.3005778175097977,True,0.04980494514985086,0.0,False
-684.287721,500,2454.061313,-0.11839741608694321,False,0.7849967091625858,0.0,False
58.834527,359,2454.70316,1.5335467242887806,True,0.04968322305107958,0.0,False
99.296634,125,2457.740413,0.9328383715507367,True,0.043929139010544314,0.0,False
111.834018,116,2457.965247,0.9292142841114106,True,0.049025139732372734,0.0,False
30.388881,125,2458.210915,3.632063825592962,True,0.03729797934708925,0.0,False
128.887303,75,2458.341057,0.5291534591769692,True,0.04909811370542517,0.0,False
109.118159,124,2458.585832,0.7809362078047032,True,0.04807916690719797,0.0,False
85.242291,194,2458.941586,1.0892627731697317,True,0.049103118470196,0.0,False
-179.081608,500,2459.891943,1.8897297633137224,False,0.1875947248815538,0.0,False
76.786691,139,2460.146747,1.4089414579986983,True,0.044562643711260314,0.0,False
96.222831,124,2460.382174,2.117192783577728,True,0.041998723289584775,0.0,False
7.649408,164,2460.695379,1.9369039096657277,True,0.04803129300665862,0.0,False
-119.937478,336,2461.299553,2.9062112416551256,True,0.04697625269010423,0.0,False
-84.152786,185,2464.455572,2.3320508823161683,True,0.04990211551280177,0.0,False
101.295905,120,2464.680967,2.039290928143661,True,0.04997648964198869,0.0,False
8.505373,304,2465.258738,1.708566324705022,True,0.04954051430150087,0.0,False
118.102733,91,2465.429378,0.8237865017387578,True,0.04834739430566253,0.0,False
7.716899,169,2465.74071,2.279784464288235,True,0.0492922099411053,0.0,False
16.512719,176,2466.074615,1.7867701890024863,True,0.04909922073743778,0.0,False
72.506091,224,2466.493428,1.1185176996928508,True,0.04721509323884663,0.0,False
105.35-426.525475,500,2466.771274,5.617883714551908,False,0.521097889258551,0.0,Fa109.956.377147,141,2467.021478,1.2700663401060235,True,0.04364891599768413,0.0,Fa65.72-271.564768,500,2468.857219,2.754328258356096,False,0.30109091279929273,0.0,F-637.819024,500,2472.505995,-3.425458197714104,False,1.0920668129624798,0.0,False
-271.569614,500,2473.484051,3.9126271586529326,False,0.07321278880576763,0.0,False
-24.70467,281,2473.994999,2.163626393431189,True,0.045025817689659,0.0,False
23.631092,338,2474.618453,1.9115380350444433,True,0.047595717010302956,0.0,False
-584.454561,500,2475.576015,4.6251345627224225,False,0.9525641528538464,0.0,False
-249.697394,500,2479.304261,4.205132309503863,False,0.24105283026458996,0.0,False
50.914582,124,2479.530337,2.52310070046298,True,0.04218166878488345,0.0,False
-139.733093,414,2480.301074,4.371332407367245,True,0.049958647914300325,0.0,False
113.423337,100,2480.491375,0.9887006703667992,True,0.048242536505454556,0.0,False
69.593148,135,2480.740772,1.18800665693402,True,0.048133927792236374,0.0,False
27.937458,132,2481.000827,2.8628765888684224,True,0.04600539967754705,0.0,False
111.874232,116,2481.224646,0.8180429225687519,True,0.0438350305686167,0.0,False
-352.149745,500,2482.147439,1.7589064486511359,False,0.7923078555986593,0.0,False
-701.069976,500,2485.805544,-1.7366619124870277,False,0.7795512628853684,0.0,False
105.716974,92,2485.973939,0.8854993827586078,True,0.04676394027109172,0.0,False
-232.148658,500,2486.882577,3.5176005119529874,False,0.08319313325082345,0.0,False
72.317021,292,2487.420827,1.37336028106386,True,0.04963319910225065,0.0,False
-137.206198,310,2488.014737,2.9985603153248195,True,0.04823887344760817,0.0,False
27.359898,192,2488.365284,1.3681283644349886,True,0.04822966462368257,0.0,False
-178.458507,500,2492.118616,3.744601794213398,False,0.1415282563898902,0.0,False
101.909301,140,2492.355706,0.9359942166536921,True,0.04639323802429308,0.0,False
-172.363118,500,2493.300142,2.6936761258214283,False,0.2654515054628247,0.0,False
51.051655,155,2493.591617,1.4945766940303709,True,0.049419729167358845,0.0,False
68.2289,142,2493.860613,1.3225482010318226,True,0.04415585648204592,0.0,False
122.582939,104,2494.047275,0.9405264514748568,True,0.04427738638484536,0.0,False
23.199142,132,2494.281721,2.9279367866854398,True,0.04197336449557544,0.0,False
-136.338458,376,2494.987958,4.103076972791293,True,0.04833381447890119,0.0,False
73.656914,140,2495.246914,1.4222439316322273,True,0.0493432660830331,0.0,False
-308.462688,500,2498.908393,4.717459704939464,False,0.38212134972030654,0.0,False
-873.40046,500,2499.841905,-0.7632967635227093,False,0.8616324896037038,0.0,False
73.419904,186,2500.174297,1.2734260788257559,True,0.04941776176613568,0.0,False
12.558746,268,2500.685513,1.7373962758720225,True,0.04819496374487656,0.0,False
96.541376,91,2500.852329,1.4990078193102432,True,0.04681374772713378,0.0,False
90.554114,134,2501.0945,1.3565463591914109,True,0.04837704056412192,0.0,False
-118.051191,288,2501.677315,2.2915017999850495,True,0.04894844542348504,0.0,False
-34.208904,323,2506.00641,2.121330837906141,True,0.04900794427235509,0.0,False
121.490286,74,2506.142382,0.6987042753465935,True,0.04950845854425279,0.0,False
15.865478,178,2506.48523,1.4081779844875881,True,0.04958493347723174,0.0,False
-14.766298,293,2507.025968,2.105970634718886,True,0.04981229300927671,0.0,False
-69.658754,177,2507.359628,2.4574022111752853,True,0.04697227763410626,0.0,False
-26.080055,209,2507.75129,1.7417485173168876,True,0.04861167065376364,0.0,False
-426.258641,500,2508.692693,3.7375844679691443,False,0.6629040839360524,0.0,False
71.724651,239,2509.129985,1.4243198376212103,True,0.04852280008842623,0.0,False
110.137199,120,2509.35508,1.4244810869851425,True,0.04782097246978442,0.0,False
115.724398,95,2509.531716,1.1219555771387646,True,0.048773560758136464,0.0,False
56.034855,232,2512.696514,1.3936064070627485,True,0.048974622812996714,0.0,False
63.953163,150,2512.981204,1.2300369404804805,True,0.04851524159670897,0.0,False
-95.054882,500,2513.941269,1.6711254222850656,False,0.11045983057241306,0.0,False
98.94965,121,2514.166635,2.4225701608390384,True,0.04108893468988658,0.0,False
-350.286924,500,2515.078031,1.7914867048534837,False,0.5534705407495635,0.0,False
-183.763081,500,2516.011197,2.6579779241423993,False,0.1294529007295468,0.0,False
-280.853639,500,2519.683109,2.000089758550605,False,0.4560404837040468,0.0,False
-161.373018,500,2520.622897,2.7245631247046656,False,0.16008907460672447,0.0,False
79.089395,245,2521.058711,2.158505915798711,True,0.04962831892435172,0.0,False
79.90263,128,2521.302653,0.9602146497709259,True,0.048005982536559084,0.0,False
99.717424,94,2521.47923,1.226650108081094,True,0.04851079201813502,0.0,False
23.234932,142,2521.748637,2.6215952125647997,True,0.041250663211577145,0.0,False
-170.945696,500,2522.675881,5.288791145536383,False,0.07068454749140447,0.0,False
88.009539,139,2522.924572,0.959782058653275,True,0.04923709032879329,0.0,False
-324.789326,500,2526.600501,2.8058855683478483,False,0.48200668084680176,0.0,False
-95.229573,271,2527.099196,3.9129610312061205,True,0.04904137301743851,0.0,False
-45.017587,175,2527.417056,2.22254044485314,True,0.04803595726383261,0.0,False
-25.129742,270,2527.917438,1.9037599238367846,True,0.04698008983235497,0.0,False
-44.852626,208,2528.30186,2.3265104368412493,True,0.04932469358028284,0.0,False
93.474583,198,2528.63485,1.0833951472510768,True,0.04888101500305113,0.0,False
113.050005,135,2528.878425,0.9233127069956195,True,0.0493555694946503,0.0,False
117.700292,106,2529.078002,0.898218495086576,True,0.04922959797172628,0.0,False
108.657372,107,2529.288482,1.315005062816067,True,0.04856559024094814,0.0,False
77.785637,234,2532.491851,1.104852779815071,True,0.04890321253975817,0.0,False
-156.701848,500,2533.374652,2.053448769148639,False,0.06835083166316476,0.0,False
87.764024,123,2533.610813,2.4606908546488926,True,0.04498013747949736,0.0,False
-207.63497,500,2534.544928,1.7868844361479261,False,0.2162284374011167,0.0,False
-38.113019,168,2534.868867,2.9235232918585163,True,0.04965280043401975,0.0,False
106.12213,140,2536.363703,0.8943524956607602,True,0.04991173017630525,0.0,False
-21.39326,171,2536.687733,2.0603249495954494,True,0.0466998880785905,0.0,False
-64.019264,269,2537.194858,2.2288924100855976,True,0.049847023874145954,0.0,False
-51.154217,228,2540.36297,1.938191418694459,True,0.04856749282934657,0.0,False
29.022631,137,2540.613637,3.000011498536047,True,0.0381553757713534,0.0,False
119.763573,98,2540.789423,0.733370951696213,True,0.04989059614600782,0.0,False
47.544253,383,2541.476802,2.9893559965330283,True,0.04965463930592012,0.0,False
115.064041,124,2541.722976,2.636408540380214,True,0.033847659982036545,0.0,False
96.320683,96,2541.906152,1.0091325503383242,True,0.046129281830856114,0.0,False
-721.398608,500,2542.854274,1.828157199403991,False,1.3622000141752197,0.0,False
117.351946,108,2543.046902,1.1546662163414871,True,0.04824194052975085,0.0,False
26.582157,230,2543.465244,1.4252973950629049,True,0.04871060599013341,0.0,False
58.142092,217,2546.708992,1.344662612172383,True,0.04939359803035336,0.0,False
-958.746217,500,2547.612219,-0.20482943533303338,False,0.6357553689289409,0.0,False
119.635054,103,2547.803224,1.5438614142567084,True,0.044898234292528955,0.0,False
60.175909,152,2548.084304,1.0906408583974885,True,0.04969321767424647,0.0,False
106.467915,104,2548.27695,2.496564967089966,True,0.03823698958828927,0.0,False
128.365547,84,2548.426813,0.7178440371855834,True,0.04801350426534864,0.0,False
97.480799,89,2548.598912,1.2232978223770634,True,0.04390095802201478,0.0,False
-237.875903,500,2549.503799,2.1063621681254747,False,0.38983017085471655,0.0,False
123.837033,88,2549.670916,0.8764190273968816,True,0.042438211140646234,0.0,False
20.121896,268,2550.145155,1.9016907706427149,True,0.04994898781516647,0.0,False
11.013613,226,2553.332799,1.6467968990423665,True,0.04890576878788085,0.0,False
-284.922425,500,2554.263662,2.4024792470871237,False,0.4371742662172608,0.0,False
-17.089899,150,2554.536819,2.700771564588584,True,0.046269582363750235,0.0,False
57.223084,165,2554.831489,1.299003632848325,True,0.04790890618505775,0.0,False
0.14803,144,2555.098709,3.0953915224578354,True,0.046778366762116386,0.0,False
116.997716,112,2555.301852,0.8553125782248512,True,0.04850500354404667,0.0,False
-649.319385,500,2556.249497,2.1842509897884215,False,1.1989968247274836,0.0,False
-36.210275,315,2556.838278,1.8231910630236756,True,0.04856873903806767,0.0,False
-513.20034,500,2560.633402,-2.4583442243548745,False,0.5250031467069748,0.0,False
14.948712,137,2560.887752,3.219816095957079,True,0.0484609290616849,0.0,False
115.906332,104,2561.067915,0.9320324717374731,True,0.04690276589106514,0.0,False
81.274238,156,2561.368276,1.0177592202949668,True,0.04998557792783811,0.0,False
-274.032462,500,2562.275618,3.5827072201413395,False,0.23818811812192608,0.0,False
-355.122429,500,2563.183302,2.9232185256829903,False,0.57310635283118,0.0,False
8.471791,131,2563.434283,4.111604330290542,True,0.04931921261583903,0.0,False
56.873503,197,2566.506725,1.380379883119024,True,0.04995330738458932,0.0,False
28.035982,121,2566.712279,3.471418310879518,True,0.04287100572514249,0.0,False
30.598342,126,2566.938917,2.5947135107630186,True,0.04941531788280106,0.0,False
1.914438,403,2567.667142,2.288283555795505,True,0.04985630106666558,0.0,False
95.116717,113,2567.879922,2.2310094487074954,True,0.03869561873424888,0.0,False
97.784611,118,2568.09651,2.367800054127376,True,0.04889654946511495,0.0,False
38.840645,163,2568.393698,1.3990493669059092,True,0.04735899752569363,0.0,False
101.775432,98,2568.574748,0.987275631021183,True,0.04925445136546566,0.0,False
102.189817,120,2569.177841,0.978099746606151,True,0.04873396534995124,0.0,False
-139.123001,500,2570.096572,3.0743508244523863,False,0.10405277812403789,0.0,False
-221.361892,500,2573.760802,2.729965511351768,False,0.2384480693454977,0.0,False
75.382105,247,2574.220658,1.1746881656039778,True,0.04878628507976153,0.0,False
32.11225,500,2575.144226,2.2666649787425257,True,0.04811334534112949,0.0,False
78.07274,137,2575.400939,1.2680112789444589,True,0.04846804075151609,0.0,False
94.528917,137,2575.665275,0.8518656911237544,True,0.048055618441159874,0.0,False
-738.009771,500,2576.59126,-0.4556725206890214,False,0.7256740007780255,0.0,False
-952.004356,500,2580.22481,-7.3589017783175095,False,0.6957401466588286,0.0,False
-722.569996,500,2581.170048,-3.4219020022447184,False,0.9510826697942559,0.0,False
-178.608249,500,2582.118072,2.596162039820659,False,0.26526448298313976,0.0,False
9.828989,212,2582.4894,1.4795584065382765,True,0.04917763342635013,0.0,False
-558.809722,500,2583.476908,1.8346977593828517,False,1.06273745932846,0.0,False
94.000032,140,2586.479588,1.2123392712524816,True,0.04961429760839244,0.0,False
-48.644678,164,2586.755436,2.4802322199395648,True,0.04806718695012926,0.0,False
131.057926,87,2586.907912,0.704544631353097,True,0.046955916106491614,0.0,False
-242.757966,500,2587.832246,5.5043082720701015,False,0.2450536454331733,0.0,False
-502.386399,500,2588.756426,3.0262209868877683,False,0.8404297206842803,0.0,False
-457.738441,500,2589.707999,2.0006496187110203,False,0.8220651220703883,0.0,False
-226.283192,500,2593.334093,3.1408312702740604,False,0.22086706759931007,0.0,False
-18.923261,195,2593.689748,1.6953802379707938,True,0.04585636481925611,0.0,False
-609.792449,500,2594.612485,2.2903341465365226,False,1.1126778356865312,0.0,False
67.488511,124,2594.840223,2.4152159707857392,True,0.04999610336225961,0.0,False
79.196445,101,2595.023149,2.3669856086759986,True,0.04974788052815599,0.0,False
-247.828874,500,2595.936134,2.5882067732936207,False,0.334948061639092,0.0,False
124.668389,94,2596.098868,0.7263904316486346,True,0.04893670133610705,0.0,False
-541.582706,500,2599.739882,6.11025999579969,False,0.13523561719180405,0.0,False
57.997273,288,2600.263467,1.358915329619402,True,0.04953879549580023,0.0,False
-18.480873,215,2600.645427,3.563400567366403,True,0.04936740691427792,0.0,False
-610.836155,500,2602.434025,-2.00171020553422,False,0.5662020668407367,0.0,False
108.428554,117,2602.64024,0.8732226645831139,True,0.048449582121433736,0.0,False
-494.963071,500,2603.566121,2.048296652367785,False,0.9105746461528647,0.0,False
126.465093,98,2603.743462,1.175183609997052,True,0.049378457100191876,0.0,False
63.526924,148,2606.720818,1.362732679074004,True,0.04962628044365119,0.0,False
65.187783,116,2606.931083,3.0307884784292503,True,0.042526683789700176,0.0,False
121.95365,114,2607.131753,0.7981960040864688,True,0.04862052894603077,0.0,False
92.151564,93,2607.297167,2.43629014378075,True,0.038352976665988296,0.0,False
-200.385052,500,2608.202851,2.24779192843916,False,0.2519009566103941,0.0,False
-4.773729,239,2608.635335,1.7856832627947663,True,0.049502296200389345,0.0,False
-734.679911,500,2609.536674,1.6747464963662617,False,1.337612304105021,0.0,False
-106.03703,500,2613.159028,2.1920036571649093,False,0.07950120142805103,0.0,False
-34.953602,156,2613.437957,2.458952470003276,True,0.046201163282907395,0.0,False
-886.28647,500,2614.353996,-1.2276619982547843,False,0.9652438886463313,0.0,False
-569.424462,500,2615.267019,-3.140959352060971,False,0.6265977758268366,0.0,False
79.351029,101,2615.448912,1.7585245276671149,True,0.04726210148531696,0.0,False
73.194761,159,2615.731547,1.1344503667594152,True,0.048029598104527775,0.0,False
47.061966,214,2616.117309,1.7008575822727723,True,0.04824128083348142,0.0,False
62.143892,112,2616.315282,2.8220190467309454,True,0.04294485151455565,0.0,False
59.015387,239,2619.487936,1.383370385819555,True,0.04921210265197118,0.0,False
13.29784,181,2619.818049,2.0327808696533616,True,0.04843615439698648,0.0,False
93.113588,142,2620.059991,0.9662456336928,True,0.04804382237162669,0.0,False
-272.391976,500,2620.930739,3.2625778663718488,False,0.12642028242674985,0.0,False
-396.427876,500,2621.848494,5.860310726293295,False,0.37262724633887623,0.0,False
66.630177,168,2622.134693,0.9471423574589136,True,0.049630431027335,0.0,False
113.399438,107,2622.308234,0.954663608372498,True,0.0486191794270086,0.0,False
-490.66569,500,2625.927871,5.010330859791969,False,0.5961673046065882,0.0,False
21.837162,234,2626.359098,1.9042134166153115,True,0.049664945368521715,0.0,False
76.676596,173,2626.684941,1.2995992367171032,True,0.04950226047302719,0.0,False
-492.680202,500,2627.600014,2.2465821858840185,False,0.9024550704909666,0.0,False
97.1078,94,2627.758285,1.3503039175948701,True,0.04727528874112168,0.0,False
29.379603,345,2628.39165,2.403241114672475,True,0.049243179271844684,0.0,False
1.72791,135,2628.643349,3.2669635239064174,True,0.04850617740923726,0.0,False
-72.564842,221,2629.018037,2.4434811700602435,True,0.04761046253961682,0.0,False
-226.481079,500,2632.634225,4.635026146289043,False,0.2009129252731537,0.0,False
-66.80827,327,2633.231459,2.3300658133286163,True,0.04905250351430214,0.0,False
-157.276298,500,2634.993038,2.5327991160567462,False,0.23487076237563304,0.0,False
115.093471,123,2635.218657,1.1534392123854345,True,0.041456673372950364,0.0,False
-187.890336,500,2636.110211,3.027528448353098,False,0.12837254281234392,0.0,False
60.698865,182,2636.457823,1.226108741992417,True,0.04929129266165814,0.0,False
127.217166,100,2636.630645,0.5987833913922042,True,0.045825753772839914,0.0,False
27.641653,129,2639.570158,3.239515058464341,True,0.041691639962261454,0.0,False
74.422692,160,2639.851364,1.113560005252874,True,0.04751352037167255,0.0,False
70.290358,155,2640.124588,1.5572040645752745,True,0.04757061254760691,0.0,False
57.142442,175,2640.452182,2.154750337784322,True,0.04927358973654928,0.0,False
-70.148506,275,2640.97943,2.835455777504526,True,0.046269490160638554,0.0,False
125.098978,89,2641.141092,0.8562928781525541,True,0.043527042734993575,0.0,False
131.646288,83,2641.273531,0.8616740085373985,True,0.04721061416147097,0.0,False
98.670505,175,2641.585023,0.9611462003872477,True,0.04984370154143871,0.0,False
117.160278,109,2641.774465,0.8293700179895835,True,0.04962193832387945,0.0,False
5.262171,128,2642.000112,3.509412069317001,True,0.04377644267300476,0.0,False
-147.330464,500,2642.903265,2.123822692652634,False,0.09881182404210047,0.0,False
85.141508,105,2643.081939,2.098692437442995,True,0.04935578277265254,0.0,False
-18.000546,258,2646.218241,1.9304862194042878,True,0.04587180958761664,0.0,False
71.501619,180,2646.542628,0.9735926769024102,True,0.049804225761245116,0.0,False
94.881999,130,2646.790814,1.222628756686656,True,0.04375409658790606,0.0,False
111.214116,164,2647.082814,1.2227026777351817,True,0.0497227376767069,0.0,False
58.340586,96,2647.244809,2.6276881968230743,True,0.04654100013838443,0.0,False
-84.203012,378,2647.938514,3.3572369996607283,True,0.0477343032341417,0.0,False
92.735732,199,2648.284048,1.31336908475821,True,0.04857673691244304,0.0,False
24.603253,253,2648.80624,1.643001442688636,True,0.0491775083863618,0.0,False
-82.100702,294,2649.339304,2.537180525462166,True,0.04845496542759831,0.0,False
126.589523,107,2649.535588,1.1401687686273982,True,0.044188070891404065,0.0,False
107.536998,91,2652.422411,1.1104335412074944,True,0.04922009416631832,0.0,False
108.254602,93,2652.593235,0.853164246515891,True,0.04936615646088259,0.0,False
-551.94819,500,2653.480719,2.8241936660851095,False,0.9956084655480308,0.0,False
-669.921664,500,2654.400249,1.3670572026014207,False,1.2666618190499954,0.0,False
80.266393,101,2654.573236,2.3974874214190827,True,0.044159945157679625,0.0,False
-17.149273,201,2654.954023,1.7904342857084685,True,0.048814072237300055,0.0,False
40.483182,162,2655.231063,1.2150926720253046,True,0.04844412761130032,0.0,False
-6.442371,181,2655.563916,2.024764987709513,True,0.04735550148890638,0.0,False
-68.925194,288,2658.811129,1.8371789429822178,True,0.04841670494336784,0.0,False
-164.567932,500,2659.713453,1.846177781066008,False,0.24581738222397365,0.0,False
63.539085,151,2659.979747,1.17654371985619,True,0.04697523493256256,0.0,False
11.356799,181,2660.314819,1.6950149031314865,True,0.0457364353630614,0.0,False
-187.167666,500,2661.225399,4.573269241026522,False,0.1101708032571955,0.0,False
-226.931062,500,2662.150634,3.140374323051025,False,0.24457919709838383,0.0,False
76.341588,97,2662.322986,1.7964550796520067,True,0.04888774412374998,0.0,False
84.700148,115,2665.245227,1.7909739915419491,True,0.04726526646041698,0.0,False
85.813503,332,2665.836142,1.2503552337048782,True,0.04841312352238078,0.0,False
95.151387,101,2665.997201,1.9266493327878274,True,0.04637410422830544,0.0,False
104.547508,129,2666.850914,0.9048062141071416,True,0.0499447006566229,0.0,False
53.831325,184,2667.190338,1.1044116605841723,True,0.049038985917665874,0.0,False
44.593394,165,2667.495934,1.4574825444832937,True,0.0474448160394732,0.0,False
-36.62387,181,2667.814833,2.1248158112184075,True,0.04661397722281929,0.0,False
123.124103,101,2667.991141,0.7583110085730713,True,0.04977738823456599,0.0,False
97.149111,185,2668.321259,0.9600314898308463,True,0.04862633655172714,0.0,False
79.47115,150,2668.601416,1.06381907495593,True,0.04977295676757555,0.0,False
115.09477,104,2668.779129,1.9396456204089274,True,0.047975247875111544,0.0,False
122.880945,102,2668.966094,1.2869321682825328,True,0.04416072522837472,0.0,False
64.580065,195,2669.323461,1.426131536718821,True,0.049082387063540615,0.0,False
-218.562186,500,2673.24793,4.689941992864108,False,0.2060266096463078,0.0,False
120.794719,141,2673.511896,1.0212123962888753,True,0.04871610460981484,0.0,False
123.452198,100,2673.693281,0.8359705924697012,True,0.047466048604683383,0.0,False
112.148945,156,2673.962909,0.6687788667425069,True,0.049771821253578145,0.0,False
-96.527792,490,2674.861689,2.7252763469096046,True,0.048191168345030094,0.0,False
-30.05926,189,2675.213661,2.094020149871827,True,0.04603766770086825,0.0,False
51.698915,170,2675.532273,1.3231818520064709,True,0.04606028381332561,0.0,False
-52.576586,382,2678.980684,2.4291607719319934,True,0.04895226657146421,0.0,False
4.032012,134,2679.213951,3.561211952737023,True,0.04852964105424004,0.0,False
46.974191,177,2679.535391,1.3965138840568099,True,0.04904706293366603,0.0,False
105.71874,121,2679.769497,1.013438612704063,True,0.04818129160039926,0.0,False
110.936552,129,2680.024414,0.6860361751058702,True,0.049322600044527584,0.0,False
-144.850702,374,2680.711999,3.182937651798457,True,0.04996427391604129,0.0,False
67.214211,154,2680.998193,1.4518844797077584,True,0.049986114316498735,0.0,False
111.691458,93,2681.172897,1.0947680064091643,True,0.04871215009538837,0.0,False
117.224667,109,2681.373333,0.9208436614368161,True,0.04752505370005257,0.0,False
85.913409,201,2681.746144,1.0732115349702331,True,0.0496448242811687,0.0,False
-41.206902,269,2682.250884,2.357512875453365,True,0.048107453076941045,0.0,False
-128.124381,500,2685.980598,2.2806407477611628,False,0.056832674606352586,0.0,False
-316.933991,500,2686.89644,4.358115299393945,False,0.372943307897322,0.0,False
5.623795,233,2687.307412,1.3590938423507877,True,0.04827108919959523,0.0,False
125.238237,76,2687.442392,0.7220384402978773,True,0.04701967915744255,0.0,False
105.185427,185,2687.905552,1.256866417863102,True,0.04894693391581152,0.0,False
-240.455691,500,2688.845196,3.904481142333474,False,0.1802162912240925,0.0,False
115.738486,121,2689.09376,0.9691362058453888,True,0.04967761226023317,0.0,False
85.814672,109,2689.293633,1.9564038551816383,True,0.04131493666270916,0.0,False
-299.669953,500,2693.078145,2.7288539903810207,False,0.5068367133835777,0.0,False
-334.936064,500,2694.01275,4.763869887115268,False,0.34168478823836307,0.0,False
100.345123,126,2694.238968,0.9544085501302226,True,0.046299672940996794,0.0,False
133.793019,72,2694.36497,0.6591456434570746,True,0.04925304430601348,0.0,False
-98.102475,305,2694.92875,1.2500252165198558,True,0.046616472757698035,0.0,False
98.485579,113,2695.133508,2.070405457974169,True,0.04932009519560617,0.0,False
107.130722,90,2695.295429,1.1280954100182545,True,0.04343338046496841,0.0,False
-395.944323,500,2698.950275,4.387539795452926,False,0.400126926972993,0.0,False
-16.867395,291,2700.417116,1.8350153533342612,True,0.04989524304483289,0.0,False
102.865659,144,2700.692705,0.9944454254548171,True,0.04950049961263876,0.0,False
-66.125314,217,2701.105048,2.0042353215429,True,0.04703815031300962,0.0,False
124.275477,112,2701.312625,0.7109958622785354,True,0.049819393706252484,0.0,False
-21.656463,157,2701.61956,2.709086564533671,True,0.04949570819203082,0.0,False
44.389119,164,2701.922127,1.398923918563329,True,0.04658918429077091,0.0,False
14.164319,280,2702.424237,1.9354374516086794,True,0.04983129622614152,0.0,False
116.517244,82,2702.573562,0.7961010135797628,True,0.04916405889133628,0.0,False
71.884074,155,2702.875665,0.9407647560942886,True,0.04979418012209943,0.0,False
-188.909106,500,2706.581116,4.7660009383804915,False,0.09025150384491402,0.0,False
-13.035565,83,2706.734278,-1.3927376877713786,True,0.0491376744028388,0.0,False
97.750873,104,2706.9203,1.0072232818004723,True,0.0496906811691514,0.0,False
80.520691,100,2707.089569,2.0705686353181836,True,0.04517817342096446,0.0,False
-36.210405,260,2707.56537,1.9972575696966248,True,0.04914875229163182,0.0,False
80.422949,158,2707.853703,0.8619700770875148,True,0.04833648082805639,0.0,False
102.527552,152,2708.132899,0.9883067663097769,True,0.04901683591308269,0.0,False
113.781079,93,2708.301397,0.9060859599363046,True,0.04767445503253978,0.0,False
-509.720804,500,2709.244225,2.0591322013120337,False,0.9408776725072401,0.0,False
97.137391,113,2709.447784,1.684859355784665,True,0.044392748853779446,0.0,False
-22.520695,196,2709.822621,1.672033287036296,True,0.04794123621159875,0.0,False
79.127014,98,2710.006478,1.8563305189491317,True,0.04851083486368712,0.0,False
-1119.22089,500,2713.746306,0.814561853673406,False,1.3551162577203901,0.0,False
118.579771,105,2713.94935,1.9623436700692345,True,0.043146910297600295,0.0,False
55.612508,116,2714.177905,2.7279802479477158,True,0.04413008467443542,0.0,False
94.860294,130,2714.420995,1.1593745024934399,True,0.044542193935095745,0.0,False
-712.182157,500,2715.430653,2.476539581513559,False,1.304052183959862,0.0,False
25.136627,258,2715.908054,1.3266547661652959,True,0.04883221609589482,0.0,False
121.868568,121,2716.124544,0.7640446265334625,True,0.04702036529905065,0.0,False
66.182372,122,2716.354576,2.7973721698481455,True,0.04871634758056741,0.0,False
131.617051,75,2716.502208,0.6265978975461591,True,0.04459673440404923,0.0,False
75.452627,157,2716.789897,1.063269082735944,True,0.04793355056833577,0.0,False
-83.613641,338,2720.183989,2.3644528409283785,True,0.04950413024643889,0.0,False
42.382128,213,2720.582385,1.3296360109893601,True,0.048299475764364545,0.0,False
118.615481,122,2720.810946,0.7535326816334817,True,0.04940451216114125,0.0,False
-241.987953,373,2721.529889,3.5233523054830638,True,0.04844523311178074,0.0,False
15.578531,141,2721.790627,2.4899751893302224,True,0.04515929558403221,0.0,False
29.331131,126,2722.023077,3.58737670350916,True,0.044282077563238834,0.0,False
-417.523163,500,2722.948882,-3.350992607702671,False,0.18686042172755074,0.0,False
-2.909769,290,2726.306423,3.6025427849490823,True,0.048531173206051326,0.0,False
-444.426415,500,2727.228498,2.689107577395422,False,0.796261345351435,0.0,False
95.59531,134,2727.489668,1.2544539385967726,True,0.04713576298364023,0.0,False
90.509953,163,2727.794563,1.1256557680055261,True,0.047846020935317285,0.0,False
82.377064,309,2728.373743,1.2326397769844593,True,0.049257561316346454,0.0,False
96.595531,129,2728.608542,1.0743115222879982,True,0.04809177880131859,0.0,False
33.626511,124,2728.837854,3.895069118750573,True,0.0401432002210493,0.0,False
132.724579,81,2728.992663,0.6102614455651234,True,0.04527212096655546,0.0,False
102.74535,101,2729.175884,1.1774919575398717,True,0.049323791129581476,0.0,False
-3.006924,271,2729.667183,1.8832070555007263,True,0.047785347247676975,0.0,False
-459.132688,500,2733.793726,1.9372728518601894,False,0.8307034112114849,0.0,False
23.070702,173,2734.124306,1.6113686792576556,True,0.04495193799715042,0.0,False
-878.963637,500,2735.089857,-2.1426573508856257,False,0.8440312953595211,0.0,False
80.186597,217,2735.488217,1.066382797902187,True,0.048594812407760486,0.0,False
6.971193,146,2735.762691,2.9923013068197766,True,0.049117616341980835,0.0,False
-56.010482,240,2736.225601,2.187878073501601,True,0.0496193975075931,0.0,False
-281.123392,500,2739.893984,4.824208436946454,False,0.11215628358620103,0.0,False
26.034048,231,2740.325099,1.868885715741277,True,0.04993038101161192,0.0,False
-90.165449,500,2741.271837,2.0918431689108763,False,0.089051166300643,0.0,False
-12.963611,201,2741.650408,2.0887639724209466,True,0.04838520475783719,0.0,False
125.547342,99,2741.840833,1.0624182797719857,True,0.04570949325003838,0.0,False
84.549605,175,2742.155086,1.0073616030921801,True,0.04829884691079464,0.0,False
-262.28291,500,2743.098665,5.743995815082636,False,0.27583819256633174,0.0,False
-145.665242,500,2746.875048,2.6046179657426194,False,0.08034510941239638,0.0,False
128.956309,103,2747.065128,0.7457224460917846,True,0.04837021021234125,0.0,False
22.488337,269,2747.564543,1.7060139469513242,True,0.049517025539944526,0.0,False
60.492506,240,2748.006111,1.4558785627748694,True,0.049502207984410206,0.0,False
-489.644508,500,2748.916705,0.7385771583062544,True,0.04984488677749439,0.0,False
-223.326611,500,2749.848754,2.938333206326077,False,0.08197253307148872,0.0,False
51.629699,186,2750.190682,1.5134737381377548,True,0.04940109812729898,0.0,False
87.078665,95,2753.149714,2.1106180790918034,True,0.049270068960438645,0.0,False
-443.640766,500,2754.105024,2.5957900234051303,False,0.8090641567975446,0.0,False
-32.748521,148,2754.3894,3.382337369182794,True,0.04348878695200377,0.0,False
77.288527,104,2754.582353,2.0186858385754713,True,0.044483717630414116,0.0,False
111.832338,146,2754.843726,1.0550056984198968,True,0.049312883613283995,0.0,False
91.031254,110,2755.050256,1.8004896390310374,True,0.0416116917007285,0.0,False
27.647876,195,2755.414745,1.4402550021740934,True,0.047610591173814304,0.0,False
-174.361234,500,2756.322378,2.011454373870694,False,0.11180123163696346,0.0,False
-58.795519,120,2756.556542,0.3697419092910901,True,0.024471240320531596,0.0,False
-5.758044,239,2759.779038,2.9053416798071114,True,0.04993086522765245,0.0,False
90.862623,135,2760.04118,1.3306167885672635,True,0.0462995627384591,0.0,False
-2.434467,234,2760.472981,2.076664933761406,True,0.04784611292203093,0.0,False
-16.486634,262,2760.9738,1.8330148614432507,True,0.04816235589203079,0.0,False
33.143507,236,2761.415456,1.5617113994013978,True,0.049692007190399956,0.0,False
73.394262,106,2761.589164,2.4084232319589565,True,0.04467754200319048,0.0,False
68.972162,232,2762.010809,1.505848312757976,True,0.04875398876371216,0.0,False
-107.585908,500,2762.950283,2.1404534448009582,False,0.14304229393022583,0.0,False
103.636076,135,2763.204749,0.8463808769611826,True,0.04760120750318931,0.0,False
94.108891,145,2764.037435,1.12207319234521,True,0.04926287640004874,0.0,False
100.32656,125,2767.153404,1.174894767305513,True,0.04290237122252382,0.0,False
42.0859,201,2767.460774,1.6546828470049197,True,0.049786397146161926,0.0,False
-30.606025,281,2768.059132,2.146854425780174,True,0.04984121205375429,0.0,False
-81.205843,336,2768.513276,2.2794024991561295,True,0.04935340714546084,0.0,False
114.306116,126,2768.686197,0.8807848792573415,True,0.04942891598727457,0.0,False
58.055713,195,2768.979377,1.1042939602711963,True,0.049491328072993224,0.0,False
60.231405,224,2769.330051,1.918070346750319,True,0.047374735655016174,0.0,False
-539.809648,500,2770.10823,-1.521428925961107,False,0.5218754288670219,0.0,False
-6.38503,245,2773.276418,3.7214936323857915,True,0.049233264680051445,0.0,False
64.500347,160,2773.542525,1.2438456412068049,True,0.04573373414447724,0.0,False
-9.658546,264,2774.001466,1.995124177037264,True,0.04960828353762793,0.0,False
65.0124,146,2774.237788,1.1675242065695985,True,0.049267022013590414,0.0,False
127.714442,105,2774.399331,0.7973077534185861,True,0.04910860455061245,0.0,False
89.27776,188,2774.737295,1.1082811450294647,True,0.04998632022260931,0.0,False
100.210387,101,2774.91232,1.1410062587688021,True,0.04485691445564611,0.0,False
127.755259,80,2775.055666,0.6963328152421101,True,0.04823510256325567,0.0,False
-27.467119,202,2775.396373,1.604181983494975,True,0.04726708711351767,0.0,False
13.041853,252,2775.789011,1.950815110100107,True,0.04729386549626549,0.0,False
8.561256,183,2776.083749,1.915087403478435,True,0.046126985995785345,0.0,False
86.817403,151,2776.33412,0.827835307959016,True,0.04831854932907694,0.0,False
-33.693784,156,2779.591688,3.2153386287759362,True,0.047208552003574045,0.0,False
61.139922,152,2779.943414,1.3916824929246099,True,0.04750856882928574,0.0,False
133.006725,95,2780.147361,0.855857209940022,True,0.04565422464920974,0.0,False
119.970589,122,2780.392426,0.8486035866424559,True,0.04488323952526172,0.0,False
-26.066201,427,2781.188703,2.596099860216781,True,0.04934036776733177,0.0,False
-79.41042,500,2782.121847,1.7174687566521114,False,0.05831267259426956,0.0,False
51.876913,153,2782.403428,1.5511576828831395,True,0.045751680850070794,0.0,False
122.601734,110,2782.610604,0.735071316261919,True,0.048526159266807305,0.0,False
102.99264,112,2782.825861,2.0402290000713252,True,0.04046477417243181,0.0,False
105.900313,123,2783.051581,1.0704131293271486,True,0.04372576768185126,0.0,False
67.739723,132,2783.299694,1.2931776618635817,True,0.04810970710975699,0.0,False
89.7772,134,2786.546842,1.0846547984749388,True,0.049812369903148725,0.0,False
86.085249,161,2786.836441,1.188273978974646,True,0.04811713122798325,0.0,False
125.837986,95,2787.012042,1.2813146200288783,True,0.048619816323370736,0.0,False
52.526975,108,2787.207195,3.0831565652265174,True,0.04650781234940941,0.0,False
17.68468,184,2787.55568,1.551361771530447,True,0.04486872084020444,0.0,False
109.879444,102,2787.762272,0.9837480561282756,True,0.049753784047626745,0.0,False
42.459399,16-399.844564,500,2788.197936,2.4594555328115533,False,0.715366462645575100.661249,13102.764948,97,2788.368971,1.1622369422794276,True,0.045102254061402897.060613,12350.769297,122,2788.586956,2.643892519982865,True,0.04258911771242566-1.743242,1474.41564,145,2788.867919,1.1089016904718951,True,0.04711896580483107,065.541032,147,2789.057664,1.7425803813730314,True,0.0461909556170509,0.0,False
-383.57221,500,2790.048118,3.2524626117579496,False,0.19912316936814553,0.0,False
114.423969,169,2793.187112,0.6944583284961902,True,0.0459718598150219,0.0,False
-7.564486,183,2793.526467,1.8052222287800876,True,0.04959369869603113,0.0,False
76.584248,1154.530769,241,2793.962713,1.300569161669389,True,0.04954660983924559-39.745641,31-660.4009,500,2794.985888,4.323134903006371,False,1.1056966633863987,0.0,False
-276.83774,500,2795.947651,3.064931811845438,False,0.275034687156241,0.0,False
40.445318,202,2797.641489,1.7422636365271522,True,0.04981220433763211,0.0,False
-145.21901,370,2801.278617,2.7503154423857037,True,0.0496049430855048,0.0,False
95.370413,208,2801.664936,1.234071795671784,True,0.0493830924451881,0.0,False
119.425683,118,2801.877221,1.0430016030201963,True,0.047549927794129754,0.0,False
67.277611,157,2802.165679,1.470289085640331,True,0.047938391045356125,-325.05117918.164096,129,2802.399822,3.6350098494924596,True,0.0426523588349602,0.91.450457-80.057538,247,2802.867725,2.0678795536318497,True,0.04492575520494434,0-809.19076-321.575581,500,2803.768025,3.8675377586200725,False,0.1568986539009935,0.0,False
-172.375738,500,2804.676823,3.1349173700813586,False,0.22602465607665556,0.0,False
83.296698,151,2804.95233,0.99590110156902,True,0.047578267967893405,0.0,False
-38.147748,205,2808.285069,1.9458599832660997,True,0.04557097484412363,0.0,False
-214.311767,500,2809.215017,2.3309470650646698,False,0.3078052440572096,0.0,False
-104.00419,500,2810.138697,1.6222991775714193,False,0.11798734965378861,0.0,False
43.347904,431,2810.911272,1.7499215262548664,True,0.048963653180404396,0.0,False
-833.600653,500,2814.744342,1.7673675249406355,False,0.598473260962076,0.0,False
-241.768778,500,2815.66375,3.273265245586234,False,0.07311615791240739,0.0,False
103.064155,126,2815.908548,0.928970738741888,True,0.04843128692782114,0.0,False
92.295961,112,2816.105087,2.5466967112305774,True,0.03610969648511149,0.0,False
-257.949565,500,2817.034842,4.382373316647603,False,0.18577026425648807,0.0,False
124.570204,103,2817.207561,1.715886002825865,True,0.03791075869810884,0.0,False
69.09182,183,2817.542713,1.4935827818825453,True,0.04864501412056647,0.0,False
94.55017,391,2818.246887,1.4517157909147438,True,0.0488040211468179,0.0,False
-45.167284,339,2821.778703,2.2623211296513865,True,0.04948509715164886,0.0,False
94.41892,93,2821.94416,1.5253845424053942,True,0.04912961261334725,0.0,False
84.395383,117,2822.148717,1.1846534312551698,True,0.049471310900531064,0.0,False
58.110081,408,2822.890348,0.9197231678598462,True,0.04864048482128641,0.0,False
11.07658,186,2823.202281,1.427789936900212,True,0.049784003771043715,0.0,False
-762.716678,500,2824.124918,2.5282741032979392,False,1.3552229445400017,0.0,False
67.56758,151,2824.392121,1.6496802093069936,True,0.04907333349443035,0.0,False
113.726847,106,2824.579355,1.7836337172689065,True,0.04862554251071266,0.0,False
2.342108,238,2827.91379,1.3749690474689662,True,0.049237009561795324,0.0,False
96.526647,94,2828.072401,1.1905431223321379,True,0.04883816379123991,0.0,False
34.904543,181,2828.407,1.2530411737257958,True,0.04950960386354771,0.0,False
-5.383876,128,2828.653235,2.89549015936772,True,0.04570610581052743,0.0,False
75.109221,133,2828.90789,1.3098342293972005,True,0.049231872016652606,0.0,False
120.486414,73,2829.032793,0.8544472421371512,True,0.04711274746435126,0.0,False
-74.697097,500,2829.933114,2.981970258438942,False,0.05262030047482111,0.0,False
10.492768,176,2830.251557,2.0013226069887677,True,0.04810585570876048,0.0,False
95.619164,138,2831.067433,0.976218451097077,True,0.04665101456328325,0.0,False
-407.965298,500,2831.944335,3.718625150357657,False,0.6279326236647664,0.0,False
-22.848844,384,2835.586716,2.084646198437153,True,0.04819879863298474,0.0,False
18.597104,171,2835.911314,1.5613558355936807,True,0.04686979693593429,0.0,False
-93.48588,286,2836.425387,2.3414557730002175,True,0.04916513465992797,0.0,False
100.375184,93,2836.590908,1.2907928833085403,True,0.048484433957422725,0.0,False
24.784824,189,2836.952602,1.3704809952453947,True,0.04846285409976808,0.0,False
-606.568402,500,2837.920134,3.0316898989944545,False,1.0004734132465283,0.0,False
98.186982,128,2838.170202,1.0139666818515491,True,0.04961029881447807,0.0,False
-29.142154,207,2838.538382,1.8462102553879978,True,0.04725987431925146,0.0,False
37.192487,216,2841.761986,1.4331383680984495,True,0.04908615843908737,0.0,False
90.799886,136,2842.000935,1.023917446299142,True,0.04836078042961265,0.0,False
-194.82555,500,2842.97385,2.406897484502605,False,0.3223048781968819,0.0,False
102.388944,120,2843.206826,1.0573509660965146,True,0.04044593249374978,0.0,False
122.189127,93,2843.377573,0.5674581973606648,True,0.04613969289676146,0.0,False
-367.118283,464,2844.21122,4.887865547629568,True,0.04871244173825122,0.0,False
83.756275,163,2844.508394,1.0911921365545731,True,0.04923713979478034,0.0,False
14.944804,138,2844.763247,3.125632043338312,True,0.04845902504704022,0.0,False
110.841875,121,2844.989333,0.743672344145706,True,0.04663679321433118,0.0,False
-330.294518,500,2848.780255,3.19950285246234,False,0.39379779635727513,0.0,False
-448.020036,500,2849.700927,-1.7772667775258946,False,0.4256494273545258,0.0,False
-322.417305,500,2850.663173,8.436109352016306,False,0.19672834259029348,0.0,False
120.482582,109,2850.867278,1.0267121381748863,True,0.04339669313462238,0.0,False
-24.215154,272,2851.344883,2.089928585445976,True,0.04897057651337592,0.0,False
-41.175735,196,2851.690393,1.8978795582764894,True,0.049692587431587006,0.0,False
111.865039,126,2851.914989,1.0139151580243237,True,0.049254124201204875,0.0,False
55.229392,164,2855.070578,1.0801237451570147,True,0.04987361794088829,0.0,False
-284.927671,500,2855.987204,2.6343391437746435,False,0.4212731406096144,0.0,False
22.622613,129,2856.216939,3.414101318984574,True,0.04286819794282617,0.0,False
111.277664,89,2856.375981,0.9000265172574199,True,0.04984192777389974,0.0,False
-517.004608,500,2857.289257,3.458698278089787,False,0.8767335774403495,0.0,False
-421.465358,500,2858.202994,2.5385963875560718,False,0.719790341751625,0.0,False
-721.498676,500,2861.968776,4.621593724496773,False,0.7924492628154919,0.0,False
87.339043,85,2862.118982,1.4413817722110807,True,0.04991452483359177,0.0,False
-124.598749,349,2862.765915,2.9399237967551723,True,0.04899463332349335,0.0,False
115.921759,120,2862.966496,0.6787929328249116,True,0.04883018009944149,0.0,False
79.042914,119,2863.173525,1.1035303596747532,True,0.04918584475308936,0.0,False
118.243951,123,2863.385852,1.018667368342262,True,0.04490813979794907,0.0,False
-96.071031,382,2864.814129,3.0338112665608366,True,0.04957930759235425,0.0,False
98.465511,139,2865.082301,0.9399162658827658,True,0.04559519402801283,0.0,False
-24.981903,264,2865.57922,2.19295496734411,True,0.047390722323984766,0.0,False
40.644053,163,2865.897139,1.6722884312612174,True,0.047956809758414216,0.0,False
-19.396929,187,2869.054598,1.64498601114143,True,0.046767608437444826,0.0,False
128.184365,110,2869.23463,0.6313025825723975,True,0.04823998604070462,0.0,False
100.53166,96,2869.412179,1.3001687588840083,True,0.04229562811308479,0.0,False
20.450326,241,2869.840138,1.6177015429765849,True,0.04823050321409643,0.0,False
-41.219741,289,2870.334362,2.3901955859402237,True,0.0496376889770919,0.0,False
77.302139,220,2870.720306,1.172533148072185,True,0.04978953321031675,0.0,False
15.899929,177,2871.108631,1.548769348214706,True,0.04745332668670359,0.0,False
-193.715575,500,2872.07897,2.845131852260348,False,0.2686889023138455,0.0,False
84.923147,128,2872.304059,1.0645988640074997,True,0.048713918091667946,0.0,False
-17.538634,149,2872.567721,2.4108861147913054,True,0.04792369249245085,0.0,False
-67.972815,288,2875.870501,2.4127684040570263,True,0.04974848262215827,0.0,False
126.345388,81,2876.015968,0.6333569692583763,True,0.04447707848995232,0.0,False
-308.610349,500,2877.009438,2.88290204291984,False,0.052229512119324195,0.0,False
-212.626379,362,2877.66455,4.573538573757003,True,0.04742846812149377,0.0,False
121.869751,84,2877.821877,1.0569026232778895,True,0.04768457503756512,0.0,False
28.519636,167,2878.133499,1.4165402312575022,True,0.04808751870275039,0.0,False
-548.949737,500,2879.066257,4.087584024374321,False,0.9003838383078457,0.0,False
104.134515,97,2879.242194,1.2527020425179543,True,0.04664945544204539,0.0,False
131.018234,70,2882.269767,0.6143534414754327,True,0.04929730951626763,0.0,False
86.834573,151,2882.555067,0.8913074511849401,True,0.049764402068562766,0.0,False
95.191734,135,2882.801739,0.9209533299881056,True,0.04794713690288757,0.0,False
-293.454364,500,2883.712756,2.9512633859252504,False,0.454091721448198,0.0,False
75.215021,113,2883.909875,1.832405429755906,True,0.04803547358833904,0.0,False
-486.673821,500,2884.815687,6.305063212984728,False,0.5288718813457112,0.0,False
98.919301,133,2885.051352,1.058204786131412,True,0.049467019862375956,0.0,False
76.7333,124,2885.276649,2.75864166484363,True,0.04880508239627125,0.0,False
65.187363,198,2885.634171,1.0388106383044213,True,0.04872436732770245,0.0,False
23.92251,231,2888.947367,1.575488695024758,True,0.04919899832191105,0.0,False
81.036152,109,2889.139955,2.3140619383032544,True,0.04398430895024536,0.0,False
120.336099,97,2889.316456,0.8145294912695752,True,0.04823383321497996,0.0,False
66.855369,115,2889.525761,2.472091861028245,True,0.04855854843081187,0.0,False
-188.007005,500,2890.402153,1.8193645195349668,False,0.22354166501658285,0.0,False
113.662983,83,2890.554717,1.1543610181228081,True,0.04446614707691923,0.0,False
-16.575985,285,2891.085451,2.805323059524354,True,0.049153622693369176,0.0,False
106.641419,129,2891.319555,1.1048369358755947,True,0.04940731368471195,0.0,False
84.765383,274,2891.815125,1.4512457066422186,True,0.04902001304624274,0.0,False
22.566551,198,2892.159904,1.5226766032686558,True,0.04805879772379486,0.0,False
53.521475,163,2892.449238,1.4250244644446246,True,0.0497223087778804,0.0,False
-1.572062,216,2895.752559,2.032590147940254,True,0.04938668822180492,0.0,False
50.389342,180,2896.070674,1.561333749817192,True,0.04874938838133921,0.0,False
113.513029,107,2896.249026,1.7064174594704624,True,0.045469253015942186,0.0,False
110.753173,105,2896.438961,1.7438813085547873,True,0.0445561550259755,0.0,False
110.548665,119,2896.673734,1.0478144406783834,True,0.04993469652134149,0.0,False
-700.029297,500,2898.97084,1.998194069582707,False,1.3072016937685742,0.0,False
89.266827,98,2899.145379,1.1539655174869383,True,0.048773306363762446,0.0,False
12.882522,169,2899.452668,1.7965792113702859,True,0.04536756428616836,0.0,False
18.418631,185,2899.832165,1.5531529703160827,True,0.047384366425622215,0.0,False
-525.840312,500,2903.73305,-1.5478937298657016,False,0.4278946323356784,0.0,False
-30.050305,216,2904.123607,1.4703318443942435,True,0.046744619253835704,0.0,False
63.022708,112,2904.322752,2.5373903751825164,True,0.04299117426084714,0.0,False
30.789368,140,2904.578149,2.8172041891706705,True,0.04469128912119743,0.0,False
-135.448556,375,2905.321819,3.776527725755595,True,0.04995625970477839,0.0,False
-212.337777,500,2906.257851,3.002470071696145,False,0.10094651862473815,0.0,False
37.08743,165,2906.553928,1.1525005855741597,True,0.04824642712764914,0.0,False
89.839092,94,2906.719384,1.1527282784186894,True,0.04471645669282624,0.0,False
-264.831397,500,2910.48769,3.3982766039798475,False,0.33976159965060576,0.0,False
121.445977,101,2910.678587,0.6492107194090009,True,0.04755671463068701,0.0,False
-472.989286,500,2911.588596,2.5675369635506535,False,0.819101141050969,0.0,False
110.518955,114,2911.801269,1.1031972567434536,True,0.045240334934389365,0.0,False
-4.205838,191,2912.163414,1.3791262286787997,True,0.047903190313850645,0.0,False
76.30462,133,2912.40413,0.8370523748790024,True,0.04651842621289554,0.0,False
-149.849761,500,2913.312631,2.581912923156149,False,0.19095498678689693,0.0,False
63.93092,157,2913.593584,1.4898796837024086,True,0.04993283083831858,0.0,False
119.206249,104,2913.782973,0.8627519762433447,True,0.049820836972103995,0.0,False
51.788419,123,2916.872899,2.906918270132809,True,0.039780884581907594,0.0,False
83.609938,112,2917.08323,2.1526426990327865,True,0.04947207525095853,0.0,False
104.948572,123,2917.304153,1.1804374657369145,True,0.04209254915608803,0.0,False
74.326235,148,2917.571754,1.0635520481949803,True,0.04860858522213147,0.0,False
-766.238628,500,2918.50316,-3.5329904134224246,False,0.3633144534825657,0.0,False
-2.1608,210,2918.885852,1.3319146120487337,True,0.049918701914055875,0.0,False
-46.54203,234,2919.293704,1.8233699530128402,True,0.04800428371870436,0.0,False
-54.544207,291,2919.811949,2.2804897533164112,True,0.0471984131451115,0.0,False
22.978255,136,2920.077456,3.1776987873278855,True,0.04718628930139951,0.0,False
-849.873815,500,2923.911355,0.33882040121989015,False,0.8283158254411342,0.0,False
128.7506,104,2924.096586,0.9685635150774687,True,0.04438763131594269,0.0,False
-701.547192,500,2925.019533,2.5200083953933254,False,1.2883573889216238,0.0,False
-332.664026,500,2925.946951,4.887415114986606,False,0.171147498163646,0.0,False
122.292088,85,2926.091668,0.7559590860858588,True,0.04816666047441841,0.0,False
-378.347968,391,2926.803766,-0.461973392884656,True,0.04943149212815649,0.0,False
-354.814545,500,2930.594757,3.294894088204405,False,0.5827546917424109,0.0,False
-345.798803,500,2932.554197,4.6471440703100875,False,0.3920027217471753,0.0,False
-30.361544,146,2932.819468,3.166218257123201,True,0.04346937135824374,0.0,False
15.530932,169,2933.122983,1.749065842181762,True,0.04626628460413316,0.0,False
91.089704,119,2933.339754,1.1155089494527817,True,0.048129999780256984,0.0,False
119.374547,111,2933.542541,0.8424512277005114,True,0.044936791588657356,0.0,False
110.881372,105,2933.758587,0.9204165851797184,True,0.049387547485854916,0.0,False
-99.423019,500,2934.702774,2.092682380374877,False,0.0856883872731369,0.0,False
-20.754078,218,2937.920638,1.8673921684343786,True,0.047323811980884145,0.0,False
64.923878,126,2938.156299,2.680058982120548,True,0.04123817661541542,0.0,False
-38.515934,154,2938.434298,2.456559306709003,True,0.048857233053708427,0.0,False
-153.4165,500,2939.396425,1.887062343092401,False,0.19398874652193118,0.0,False
69.447863,144,2939.67012,1.1291034860748883,True,0.04414700048365056,0.0,False
-319.406257,500,2940.587248,2.818804665503436,False,0.5674807267674487,0.0,False
89.811903,122,2940.801903,1.0694678785097873,True,0.046751995419156395,0.0,False
-409.642363,500,2944.590022,4.360348950566058,False,0.4389290805186396,0.0,False
48.486869,265,2945.085113,1.5631265893711381,True,0.04901233314673665,0.0,False
-677.981808,500,2946.028941,3.1685303020054034,False,1.2275276527350454,0.0,False
-175.408288,500,2946.940445,3.435459530316689,False,0.1508225820003921,0.0,False
72.616404,130,2947.168348,2.9255137078616493,True,0.03635089910663346,0.0,False
114.889311,77,2947.308075,0.7760322135000616,True,0.04597623868558446,0.0,False
99.980129,126,2947.528171,0.930362035776421,True,0.049002060611427145,0.0,False
112.659062,121,2947.743773,1.0844877675949829,True,0.0454909534450399,0.0,False
-855.595879,500,2951.741085,0.024518808644465064,False,1.130611889221583,0.0,False
120.752816,91,2951.881388,0.9189262847720706,True,0.04706845853303086,0.0,False
-121.010995,500,2952.784724,1.7393032797816157,False,0.12732287479011692,0.0,False
-139.270425,242,2953.218346,2.46269488801842,True,0.04804817005360293,0.0,False
81.49664,136,2953.464269,1.316654998906373,True,0.04270345885022423,0.0,False
-69.967734,176,2953.77549,2.2940606834974786,True,0.04862254416106971,0.0,False
42.305268,182,2954.120381,1.726674901852208,True,0.048843848170751415,0.0,False
56.31104,165,2954.412552,1.70532716521571,True,0.04856161563300019,0.0,False
118.104215,102,2954.593163,0.8358545768036068,True,0.04640751892238808,0.0,False
121.853445,94,2954.768274,0.7632232984770964,True,0.04851543303020289,0.0,False
12.638633,218,2958.059085,1.7295913144881758,True,0.04786282187698918,0.0,False
-62.18253,447,2958.873039,2.9044700198697355,True,0.049881610900007554,0.0,False
93.165405,179,2959.201622,1.3510855042684822,True,0.048649952147778314,0.0,False
26.920533,235,2959.617571,1.572251326657941,True,0.04932605073992315,0.0,False
117.488826,121,2959.842585,0.6905379954282915,True,0.047891269848526756,0.0,False
49.700959,159,2960.114821,1.1460720407972105,True,0.04829731082724065,0.0,False
9.872973,317,2960.679177,1.608664917321783,True,0.04897265203787058,0.0,False
91.351407,96,2960.869042,1.0248658007245346,True,0.047815547774201994,0.0,False
106.318462,118,2961.093126,1.757825251004373,True,0.045437423937874616,0.0,False
85.154267,199,2961.448663,1.2974008863241144,True,0.04989732824450303,0.0,False
70.217185,110,2964.554216,2.030009627523316,True,0.042457759865425944,0.0,False
119.309557,107,2964.746182,0.9552127226720539,True,0.048163881337902746,0.0,False
86.771858,155,2965.019046,1.006210013073315,True,0.04839069600752619,0.0,False
-60.564363,297,2966.485569,2.2191408079453683,True,0.04968542574197396,0.0,False
27.047164,137,2966.747698,2.8350486667974746,True,0.04940392613391767,0.0,False
-270.231249,500,2967.62492,2.4840629476507976,False,0.3860124246073388,0.0,False
-743.305014,500,2968.60832,0.5867023132591836,False,0.9111861441953086,0.0,False
40.703752,123,2968.845896,2.45576011302191,True,0.04256967254062214,0.0,False
47.465189,105,2969.047152,2.469623552916105,True,0.04585448786486182,0.0,False
-31.92024,299,2972.406951,2.0650820582485054,True,0.04894610887835982,0.0,False
-305.708856,500,2973.368682,5.021619538350359,False,0.2479385746008648,0.0,False
-406.321091,500,2974.342748,3.4842078593130816,False,0.275533124035007,0.0,False
-144.629351,500,2975.277278,1.9855238956390584,False,0.15024579781875658,0.0,False
35.297334,126,2975.50212,2.04046254666397,True,0.04981387301914452,0.0,False
17.213219,144,2975.764597,3.50341659208993,True,0.03605187252429721,0.0,False
-103.907864,410,2979.432148,3.347498032381297,True,0.04840783425960335,0.0,False
-87.815603,500,2980.33922,1.452254502363071,False,0.0969022432866615,0.0,False
25.44828,140,2980.589216,3.152970322366492,True,0.043190593322698936,0.0,False
110.020826,102,2980.771029,1.9609048766899602,True,0.03535435008957983,0.0,False
62.126409,151,2981.043113,1.1307973794828456,True,0.04533964225177366,0.0,False
131.932434,81,2981.180809,0.7489799649192782,True,0.04537758368001977,0.0,False
1.095575,130,2981.416504,4.309164164821154,True,0.048065136666361974,0.0,False
-227.254252,500,2982.325652,4.6179190120181675,False,0.1259840458921719,0.0,False
106.066004,145,2985.511983,0.8681930520093041,True,0.047482534579778024,0.0,False
56.390602,105,2985.700227,2.8998487263199406,True,0.04893365160273674,0.0,False
55.771992,148,2985.959119,1.9664498086958313,True,0.04669199585632801,0.0,False
1.486853,171,2986.26773,1.5775281882712657,True,0.04745147102300094,0.0,False
74.160042,144,2986.531266,1.4240774093386568,True,0.04619450621247974,0.0,False
69.285372,143,2986.774326,1.3955409961881347,True,0.048208640004204766,0.0,False
46.143885,180,2987.096637,1.2822244479350275,True,0.04929246593140773,0.0,False
-14.064659,193,2987.447254,1.4506578889290247,True,0.047448275691333405,0.0,False
-475.951581,500,2988.352664,3.0034415218319768,False,0.7931743388572663,0.0,False
-25.274898,248,2988.795631,1.6195566725807198,True,0.04921369701321579,0.0,False
54.329948,157,2991.937201,1.232085454800262,True,0.046037235507264775,0.0,False
32.316184,243,2992.388424,1.645750154216307,True,0.04824251905720949,0.0,False
-30.751929,156,2992.664107,2.937679216734653,True,0.0427751950469634,0.0,False
-131.356639,500,2993.566483,3.8119524426942,False,0.09830402686755893,0.0,False
125.777623,95,2993.744068,0.9254442546897035,True,0.04916433723851068,0.0,False
108.571072,116,2993.953051,1.090794352445869,True,0.043724129284790726,0.0,False
74.580364,144,2994.217919,1.249656005583479,True,0.047208235323067234,0.0,False
6.346792,224,2994.643082,1.707924791334048,True,0.048709931545841134,0.0,False
-50.310873,296,2995.170497,2.278346034956775,True,0.049515197924782726,0.0,False
45.618341,110,2995.349245,3.0621944222728783,True,0.04399470938422496,0.0,False
-0.123561,143,2998.549589,2.966246370412616,True,0.04999463830926627,0.0,False
88.642613,112,2998.761331,1.1611607323471975,True,0.04880758109615833,0.0,Fal-47226.264252,256,2999.731148,1.76392431111518,True,0.04812615928401226,0.0,False
-38.586851,189,3000.008027,4.585452809939065,True,0.049880170372232954,0.0,False-73.297385,244,3000.387252,1.7938777038288969,True,0.048582727209655764,0.0,False-139.310208,500,3001.151267,2.068280481512576,False,0.18907121891026882,0.0,False-456.403251,500,3001.735251,3.7687724184704177,False,0.6840127868878945,0.0,False
-40.871715,212,3002.131906,1.7243559522231675,True,0.04887800661381402,0.0,False
1.441287,328,3002.789809,2.419644056747847,True,0.04978996808692497,0.0,False
125.537363,84,3005.67828,0.7533562624355887,True,0.049210349941030754,0.0,False
-73.-694.847149,500,3006.180964,3.2130195060063484,False,1.2534955866067674,0.0,Fa89.8164.444326,172,3006.473216,1.3751854148460523,True,0.0473180324385386,0.0,Fa66.5660.177907,111,3006.674324,3.2349079620616457,True,0.03873549414145825,0.0,Fal-202.060787,500,3007.493121,3.0549598656780317,False,0.09158586711954836,0.0,False
10-475.745825,500,3007.842774,3.6159042221563635,False,0.7930920502829606,0.0,Fals117-297.022036,500,3008.77049,2.4940487777428544,False,0.057542187687871095,0.0,False
77.170025,80,3008.914556,1.389008567557312,True,0.046794713353620405,0.0,False
123.264038,109,3009.103148,0.7311939715157383,True,0.04779237558942877,0.0,False
-38.384691,148,3009.386064,3.6587988392737607,True,0.04695646143855618,0.0,False
-952.643241,500,3013.163912,-2.5313370823130064,False,0.6796280702958372,0.0,False
-257.530165,500,3014.066004,2.85005441667886,False,0.40679115427507595,0.0,False
-172.768538,500,3014.99038,0.6812330073309868,False,0.1299121221329818,0.0,False
-74.322587,500,3015.902146,1.8878635450088517,False,0.07756269677996268,0.0,False
68.095666,148,3019.072051,1.2616612138024326,True,0.048568586199922784,0.0,False
94.096702,89,3019.22352,1.2184473239918245,True,0.04154768976768875,0.0,False
102.512271,138,3019.462675,0.6903489573520459,True,0.04798399376337973,0.0,False
-459.832433,500,3020.394767,2.802285948246013,False,0.8080474451417998,0.0,False
51.974221,104,3020.571423,2.7827879280873082,True,0.04297689383215765,0.0,False
-580.549115,500,3021.515002,3.455181005220189,False,0.7921370584002206,0.0,False
-45.073874,223,3021.982802,1.6114962715215089,True,0.04871021342058015,0.0,False
-154.349572,471,3025.788437,3.455823539338303,True,0.04888607417004721,0.0,False
-385.596542,500,3026.70808,4.519770982278806,False,0.3938073767342462,0.0,False
113.694964,93,3026.87209,1.1690638723564362,True,0.048479571842058915,0.0,False
-424.371951,500,3027.789793,5.150342397891779,False,0.22222539744513337,0.0,False
119.890983,118,3028.000885,1.4155128931009735,True,0.039202768163838525,0.0,False
-268.279443,500,3028.915086,2.6960926208463185,False,0.41070935822748067,0.0,False
96.358276,103,3029.103146,1.4978338216808753,True,0.049721246652168795,0.0,False
51.683397,125,3029.331671,2.46837008889961,True,0.04949076041464991,0.0,False
66.342009,120,3033.321887,3.012828075326262,True,0.04848450781461344,0.0,False
-74.755477,500,3034.222373,2.1748040263940553,False,0.07842859348891044,0.0,False
-65.699361,251,3034.676348,3.485664545824228,True,0.04977205512819983,0.0,False
-245.084158,500,3035.590894,3.495013182844922,False,0.055382405735675565,0.0,False
-43.30882,185,3035.929504,2.117432616636531,True,0.049880028068226404,0.0,False
93.308891,143,3036.192298,0.9495930192355628,True,0.049158377553636924,0.0,False
68.523347,120,3036.412431,2.8806978921973267,True,0.04037149252196794,0.0,False
119.005956,112,3036.631591,0.8422060983882236,True,0.046705374409260536,0.0,False
-131.111721,299,3040.016824,4.2784799643542994,True,0.04860312476693874,0.0,False
105.226709,216,3040.426745,0.7476698451111944,True,0.04958105378794805,0.0,False
51.697614,130,3040.667902,2.9955933608044276,True,0.04632568337220166,0.0,False
-108.48145,500,3041.588647,1.9161819684713062,False,0.08319188113284111,0.0,False
27.678738,253,3042.04825,1.7914600161427097,True,0.0499514038216737,0.0,False
56.756643,113,3042.254515,2.40449049069554,True,0.04984995234789965,0.0,False
-477.394244,500,3043.172504,2.8396325950306722,False,0.7949373459653106,0.0,False
-50.603725,391,3046.786795,2.843975858420635,True,0.04984811966858197,0.0,False
-782.677968,500,3047.677539,2.3673996611019352,False,1.4498589274690057,0.0,False
4.039639,221,3048.064513,1.4282491032058084,True,0.04824060583324563,0.0,False
-66.577449,170,3048.384674,2.7027673843797,True,0.04758014073757295,0.0,False
125.642488,105,3048.561409,0.6531511425896707,True,0.04919281475001197,0.0,False
70.864782,195,3048.913653,1.062234134592445,True,0.04872688333416695,0.0,False
39.051413,133,3049.15191,2.8291683912881496,True,0.0395009978504234,0.0,False
111.572363,107,3049.346844,1.9108198252550663,True,0.042327829954656906,0.0,False
-102.695386,500,3053.126645,2.2352584140771357,False,0.1040184053164662,0.0,False
31.343296,135,3053.359619,3.6238412320687257,True,0.03745077883581979,0.0,False
48.729754,130,3053.600854,2.7979851005775984,True,0.03904549269479587,0.0,False
51.744763,134,3053.852968,2.550138932224325,True,0.03951145515396909,0.0,False
85.919282,118,3054.077403,2.3110028229773008,True,0.044826027994506294,0.0,False
-20.311165,155,3054.367413,2.227957681115977,True,0.042783805598388916,0.0,False
-332.65593,500,3055.288806,2.606241525518239,False,0.5179074997489002,0.0,False
115.251884,110,3055.489147,1.6093307893351596,True,0.04788547171717452,0.0,False
110.38259,124,3055.708284,1.0382796617608003,True,0.04865369590637919,0.0,False
121.886596,115,3055.915757,1.8698517868583238,True,0.03814925468448079,0.0,False
-916.503183,500,3059.689576,-4.044278368144553,False,0.7029523502824802,0.0,False
26.286167,241,3060.156156,1.8256275165332094,True,0.049412651638820304,0.0,False
57.499495,146,3060.420616,1.269139225894599,True,0.04960889500445331,0.0,False
55.641603,220,3060.820419,1.8633603879003786,True,0.049212345117582844,0.0,False
-41.234955,176,3061.141383,2.213200784089192,True,0.043794798140757187,0.0,False
-59.146382,160,3061.42468,2.8906952079897423,True,0.04590849951086833,0.0,False
26.499188,164,3061.715505,2.184083957010325,True,0.04354101694110898,0.0,False
-77.861032,321,3062.296587,2.27911014268252,True,0.049015967687947117,0.0,False
89.108032,145,3062.542727,0.8868240960488151,True,0.04996878372655871,0.0,False
113.923107,112,3062.735522,0.8228163426448375,True,0.049413059467909894,0.0,False
94.639087,96,3064.263557,1.4055716713633382,True,0.04873324760162892,0.0,False
-48.459951,191,3064.633387,2.1100470921466066,True,0.049698187016378,0.0,False
64.146411,126,3067.719046,1.327573954044259,True,0.0490253650101312,0.0,False
118.024642,114,3067.929815,2.745475168783769,True,0.03910535801122528,0.0,False
87.297567,96,3068.122392,1.4645704948667155,True,0.046048979130056476,0.0,False
53.916748,132,3068.37015,3.1780542243781986,True,0.03869372527893928,0.0,False
-186.687426,500,3069.278616,5.036619001400477,False,0.05946182238256439,0.0,False
14.64343,135,3069.516284,2.609000741091414,True,0.048575003466441107,0.0,False
99.185427,144,3069.77115,0.9133395092821432,True,0.04978259055627774,0.0,False
107.583896,111,3069.971715,1.8789509938573812,True,0.04419053829801647,0.0,False
72.150152,139,3070.222509,1.5257261366997887,True,0.04828028141827692,0.0,False
49.377056,155,3070.504602,1.9054631946795932,True,0.045423043545903284,0.0,False
79.598858,114,3070.711231,1.247761937270297,True,0.049486836288855945,0.0,False
0.844316,207,3071.078585,1.92704838650074,True,0.04766150609653317,0.0,False
46.-234.634547,500,3074.365033,2.2887784019495063,False,0.23557318738139404,0.0,F-16.210654,150,3074.524222,2.6544524099287763,True,0.04412245605073495,0.0,False
-264.938493,500,3075.415772,3.2477730671906584,False,0.08332791603305184,0.0,False
107.389737,109,3075.612123,1.5106463333727886,True,0.04285998221336805,0.0,False
198.913568,155,3075.891424,0.9572185736447905,True,0.04892256108499411,0.0,False1-232.674122,500,3076.807702,4.000479170198288,False,0.20228625052669458,0.0,False
-389.448606,500,3077.703869,4.19929294229338,False,0.22309696614122226,0.0,False
130.550404,79,3080.68018,0.8102448123030092,True,0.04842492450341013,0.0,False
-823.537405,500,3081.603517,-2.8986454915458544,False,0.8433201715206959,0.0,False
84.400599,266,3082.089501,1.3030299179032003,True,0.04939880969343824,0.0,False
-55.717054,213,3082.472661,2.130301542717044,True,0.04857397489127331,0.0,False
54.781363,131,3082.710276,1.4366804591670976,True,0.04937954195034503,0.0,False
-85.991006,311,3083.279491,2.621356522457332,True,0.04728748429450578,0.0,False
4.799044,143,3083.533785,2.354620377239758,True,0.04936254886459028,0.0,False
71.516113,245,3083.967304,1.197794657779911,True,0.048253329971079215,0.0,False
113.837716,117,3084.176949,0.9533937203970263,True,0.04979612073900848,0.0,False
-396.293934,500,3088.029557,2.8684271590074157,False,0.6976305185583734,0.0,False
92.913298,207,3088.402366,1.0982136430318095,True,0.04834489307181837,0.0,False
88.325605,119,3088.605861,2.646696256752949,True,0.044631970351459285,0.0,False
-830.675124,500,3089.522606,-0.4907544688339052,False,0.862025089275379,0.0,False
-671.199129,500,3090.447366,2.423437658953922,False,1.2091484888039365,0.0,False
37.377939,292,3090.971711,1.4306903554768469,True,0.04740844990127042,0.0,False
131.243161,113,3094.086891,2.031037357762798,True,0.035953207571705635,0.0,False
118.044709,105,3094.288958,0.7403095255574911,True,0.049961433814995654,0.0,False
23.815416,142,3094.544877,2.9864686049732074,True,0.047715440137664294,0.0,False
-77.121169,294,3095.082566,3.931606788794226,True,0.04925640552855204,0.0,False
-522.788741,500,3095.998511,2.745915385466586,False,0.8297155833039278,0.0,False
136.296625,92,3096.181395,0.6722560434540381,True,0.041899103034703775,0.0,False
88.507082,135,3096.403864,1.0276148784293688,True,0.04647749619434454,0.0,Fal-163.883195,500,3096.651433,2.1511797874801397,False,0.06724842652154986,0.0,False
9-42.327766,204,3097.707496,1.6898818384104903,True,0.04884304694273255,0.0,False8128.448469,105,3097.895755,0.5559109311828891,True,0.049926039684167756,0.0,Fals116-2.481776,172,3098.193829,1.8610836372837725,True,0.04804482918563865,0.0,Fals104-23.990788,227,3101.479319,2.46004823458884,True,0.04791956678707114,0.0,False
63.643897,177,3101.813672,1.2001821312911463,True,0.04890654361617198,0.0,False
-54.29711,166,3102.124135,2.805274977385312,True,0.047470612179657895,0.0,False
-282.04199,500,3103.046127,2.9109005548865037,False,0.23694570526280406,0.0,False-3-83.015455,386,3103.735283,5.602534431453524,True,0.048126687564851896,0.0,False
30.090206,253,3104.206278,1.4334347380532517,True,0.04772238492407935,0.0,False
109.667231,101,3104.394137,1.5593517667919512,True,0.040469864325713104,0.0,False
-189.30399,500,3108.190501,3.188616081439675,False,0.06628742775253908,0.0,False
-329.348277,500,3109.091529,3.3469136856546338,False,0.24410935678196075,0.0,False
26.910695,240,3109.519214,1.3797841647605302,True,0.04921463140229773,0.0,False
143.010178,94,3109.687867,1.214575976432417,True,0.039523838423539466,0.0,False
130.491283,78,3109.828012,0.9685121448385653,True,0.045618003618721724,0.0,False
79.972116,105,3110.024796,1.4638741364390953,True,0.04420025507193492,0.0,False
-135.758732,406,3110.720935,2.8529339965562373,True,0.04927842168412647,0.0,False
93.414351,130,3110.962468,0.9689820968075581,True,0.049666149881371524,0.0,False
105.452164,117,3111.184791,0.9460576809243031,True,0.04949257649573364,0.0,False
47.801601,125,3111.395146,2.4900941432904173,True,0.04999120613712432,0.0,False
41.698878,164,3114.585757,1.5424741219063611,True,0.04922808279437485,0.0,False
-49.865428,152,3114.866984,3.201640548832554,True,0.047094514517622144,0.0,False
-27.311426,192,3115.223163,1.577067920338708,True,0.04973750019813197,0.0,False
42.866569,253,3115.674698,1.2265457794379246,True,0.04950671312171738,0.0,False
-110.866799,308,3116.24224,3.3769862000264386,True,0.04993552542719171,0.0,False
-24.878585,220,3116.629309,1.7132416486378228,True,0.04922467558757239,0.0,False
26.278724,250,3117.096968,1.1809210988806882,True,0.04902651217607177,0.0,False
3.757667,151,3117.354359,3.0349153518673386,True,0.040254990143981366,0.0,False
-227.461464,500,3121.178706,3.0396930189646585,False,0.13223759387933492,0.0,False
115.451469,98,3121.361518,0.9073876442894491,True,0.048173159556570706,0.0,False
28.063594,162,3121.640498,1.6974529857110858,True,0.048538667656171805,0.0,False
97.700475,130,3121.874594,1.1178473314273938,True,0.04716714510809978,0.0,False
-43.949849,411,3122.609657,2.012104467313876,True,0.049840152066811666,0.0,False
-677.364025,500,3123.52547,4.098550878503596,False,1.1125922955714813,0.0,False
-582.828178,500,3124.429534,3.0508755462714165,False,0.9829724556584303,0.0,False
83.478967,116,3124.641593,1.9076567226196675,True,0.04194941968379757,0.0,False
-252.62321,500,3128.469708,3.0790279327819645,False,0.35040865653061837,0.0,False
-7.709852,148,3128.740566,2.7522730397130277,True,0.04946145676543453,0.0,False
-293.822526,500,3129.658022,3.7758428207685966,False,0.41118898679883725,0.0,False
38.643426,137,3129.908381,3.229936773343568,True,0.03955217556163861,0.0,False
34.813014,222,3131.202156,1.3654794530368068,True,0.04873349723126911,0.0,False
-125.44964,500,3132.135199,3.78322764210107,False,0.12867105735970744,0.0,False
84.79443,128,3132.402397,2.534208442148414,True,0.043618079200606015,0.0,False
-7.723023,350,3135.891356,1.719427931895968,True,0.048539296307779915,0.0,False
57.068839,216,3136.268999,0.9451249162463208,True,0.04997081053213402,0.0,False
-350.839495,500,3137.193779,5.109209927454205,False,0.4664079892176466,0.0,False
-545.939763,500,3138.139358,2.5797078718127437,False,0.9113794509736493,0.0,False
-314.846664,500,3141.846022,1.7744570895926757,False,0.5476745422491661,0.0,False
121.465309,117,3142.054778,0.95802910361482,True,0.046078754554850804,0.0,False
84.106501,125,3142.276287,1.009536103482707,True,0.04930942466345713,0.0,False
-241.53646,500,3143.277549,3.8831422211383617,False,0.22810293463029402,0.0,False
19.884368,245,3143.723725,1.6406251062114494,True,0.049971721246941464,0.0,False
13.522651,183,3144.060722,1.5599915770978423,True,0.048122388026453154,0.0,False
71.205722,171,3144.365725,1.144432987249559,True,0.04970354742735716,0.0,False
39.913269,157,3144.645065,1.7408052380234282,True,0.04743533293512189,0.0,False
48.13238,123,3144.871288,2.823347678837441,True,0.04354217474267457,0.0,False
108.174827,122,3145.100938,0.8888177072069179,True,0.04788460023561009,0.0,False
-26.523476,113,3145.312887,-3.544934137931441,True,0.03423975103348353,0.0,False
-133.946075,500,3149.083157,2.771818586149769,False,0.09473402583777601,0.0,False
45.326062,173,3149.395887,1.3154455227820767,True,0.04782353530671122,0.0,False
69.843445,174,3149.698425,1.0592910670163218,True,0.049774819285656316,0.0,False
-35.746238,367,3150.371067,2.6586757885883867,True,0.04935447065213408,0.0,False
95.052152,101,3150.551424,1.9203705082375866,True,0.04025602968672978,0.0,False
-103.363654,500,3151.45907,1.939218404373117,False,0.08097587330077788,0.0,False
55.777182,132,3151.691788,3.191852240938614,True,0.04387560558430067,0.0,False
125.573855,87,3151.845805,1.0884972322426796,True,0.046907605626821655,0.0,False
-840.208281,500,3155.668323,-0.5478426908784761,False,0.5946648448685551,0.0,False
18.334121,139,3155.921403,2.738500913770011,True,0.042841489810249586,0.0,False
91.913477,121,3156.130387,0.8526351707726744,True,0.049337874486155536,0.0,False
-17.347164,163,3156.423925,2.092986773017669,True,0.049894431397655675,0.0,False
78.247551,113,3156.628779,1.874807445649565,True,0.04020530697067175,0.0,False
-49.257098,320,3157.211382,2.107578417824628,True,0.0490107231593409,0.0,False
-33.545054,154,3157.475408,2.6103360295231335,True,0.04726883423747467,0.0,False
44.160033,217,3157.867849,1.2642797144667546,True,0.04936153206330096,0.0,False
-560.612759,500,3158.774052,4.536229150706595,False,0.45994645706171894,0.0,False
29.048533,132,3161.904819,3.036804105226369,True,0.047667041291739126,0.0,False
-369.886896,447,3162.715788,4.743351216780963,True,0.0496418688607743,0.0,False
19.358135,257,3163.183761,2.0012472411221425,True,0.0499608983039233,0.0,False
88.582612,120,3163.397561,2.41462709648955,True,0.04446207634055095,0.0,False
-132.594267,308,3164.686752,2.51239496347231,True,0.04758542170410582,0.0,False
-149.553279,500,3165.668549,3.3372473787984096,False,0.12649728901730387,0.0,False
79.124302,137,3165.918905,1.3177734819190057,True,0.0480202567082884,0.0,False
65.69159,164,3169.049428,1.1572347986131182,True,0.048889827200526086,0.0,False
-54.656981,228,3169.452105,2.0106236584554837,True,0.04657871784095218,0.0,False
39.006795,116,3169.667546,2.17292436994616,True,0.04163146928020246,0.0,False
-36.486535,232,3170.084728,2.120456954469699,True,0.0497239021093611,0.0,False
-107.23285,270,3170.56409,2.696361922399846,True,0.047775158106234276,0.0,False
-17.566344,191,3170.971343,1.7906595038562216,True,0.04619747145669969,0.0,False
44.453864,187,3171.311995,1.5099243851769535,True,0.04987537927861534,0.0,False
99.957992,96,3171.477915,1.1743715886561772,True,0.0435825424335886,0.0,False
-90.137631,500,3172.372159,1.546119063408716,False,0.07993682062551136,0.0,False
111.733348,109,3172.574278,1.8848714949528573,True,0.04517627501083285,0.0,False
-731.679759,500,3176.336766,2.7802232899488537,False,1.361460000088002,0.0,False
130.285081,78,3176.479548,0.5083822023483663,True,0.049916651264370775,0.0,False
-60.536492,411,3177.233047,3.068208392798482,True,0.048356434324021313,0.0,False
28.296647,133,3177.457864,3.594738990589875,True,0.04991798777163741,0.0,False
114.218741,116,3177.670194,1.0462893951172962,True,0.046868180039060396,0.0,False
-630.240349,500,3178.565989,2.0653686404821934,False,1.1632345798036314,0.0,False
107.828112,112,3178.768531,2.0351003788430986,True,0.04220484870333166,0.0,False
124.257503,92,3178.935875,1.0210993137304973,True,0.04605079452866717,0.0,False
92.452912,129,3179.17046,0.8200784512193052,True,0.0450731650199374,0.0,False
98.575329,200,3182.434088,1.10518343571033,True,0.04999915079741837,0.0,False
129.310423,98,3182.63838,1.695606330285198,True,0.04055385590448414,0.0,False
-28.762107,204,3183.064573,2.746231280252525,True,0.04574007484567385,0.0,False
-22.287771,232,3183.497102,1.6206058585182488,True,0.047588850126503345,0.0,False
95.418061,124,3183.73805,1.7159915666687522,True,0.04689210169582049,0.0,False
66.552751,155,3184.023965,1.268866579675274,True,0.048336439314043064,0.0,False
39.587196,157,3184.308027,1.691451470745962,True,0.0423190788406313,0.0,False
115.24744,92,3184.468859,0.8613941321977864,True,0.0440226495949742,0.0,False
62.16264,106,3184.648566,2.824775232312076,True,0.04324874590852599,0.0,False
100.773331,101,3184.839081,0.8589188288341474,True,0.04791352587208134,0.0,False
32.711335,192,3185.17187,1.4605867887278363,True,0.049948374320622484,0.0,False
-258.578019,500,3188.929645,4.068794494775364,False,0.0865460984087398,0.0,False
89.720444,139,3189.168848,2.088591861622441,True,0.03937210681719477,0.0,False
123.215882,108,3189.375185,0.5687787483722929,True,0.04664904589622951,0.0,False
92.248717,115,3189.601272,2.255478687513617,True,0.04918170090599935,0.0,False
-45.258754,454,3190.391628,3.1678803595347187,True,0.04930406361142611,0.0,False
30.048366,214,3190.790916,1.5229191378273452,True,0.04914681642412864,0.0,False
112.359969,120,3190.998298,2.5773647699234057,True,0.035749767269329234,0.0,False
73.804848,165,3191.28724,1.3054137208510002,True,0.04938769428932474,0.0,False
7.655577,131,3191.515972,3.925040963064762,True,0.042476368062747454,0.0,False
9.421028,142,3191.770951,3.4862969584712737,True,0.040071850605305874,0.0,False
73.660194,173,3192.072847,1.1451984663075987,True,0.04953721634387472,0.0,False
71.399704,227,3192.481296,1.366175988139847,True,0.047750680732470685,0.0,False
3.517967,191,3195.697756,1.9872367505249808,True,0.048722013270543964,0.0,False
39.946569,120,3195.918439,3.523434100000423,True,0.04754672093140109,0.0,False
65.604135,210,3196.277204,1.154290058544052,True,0.04880547874486623,0.0,False
-39.915799,177,3196.617038,2.1202940557658936,True,0.0469035661684714,0.0,False
96.347616,329,3197.657991,1.3401204740511403,True,0.04971838010844464,0.0,False
108.416662,120,3197.876424,0.9259629421415791,True,0.04977943156124778,0.0,False
-630.453397,500,3198.784068,-3.1316854714743574,False,0.5678997286475427,0.0,False
2.996229,242,3199.287885,2.2103041841982023,True,0.049204464556413086,0.0,False
-183.992319,362,3202.758583,4.220355718483867,True,0.04778698284266058,0.0,False
21.16919,227,3203.156629,1.720062679867977,True,0.04820259075148884,0.0,False
91.675207,108,3203.347122,3.5444878992650284,True,0.04200904764707494,0.0,False
-91.770731,219,3203.754926,1.8240985684522315,True,0.048629979601775626,0.0,False
61.636156,174,3204.057875,1.015278853130433,True,0.04944462467401721,0.0,False
45.55514,226,3204.507188,1.4161417730742358,True,0.04994027037386431,0.0,False
122.600376,117,3204.730247,2.092820830459906,True,0.03579179921230593,0.0,False
147.086142,97,3204.927656,1.1334942352465818,True,0.039087655131785526,0.0,False
116.887318,92,3205.093262,1.2634729428825018,True,0.04225485924584265,0.0,False
127.608992,94,3205.258471,1.2296857830690926,True,0.04441156294381762,0.0,False
4.660041,222,3205.642615,2.6533141800103563,True,0.04870320180478264,0.0,False
110.591981,130,3205.887106,0.814250397467878,True,0.04938181814903468,0.0,False
116.830436,81,3206.046809,1.0067936136042916,True,0.04482206937736001,0.0,False
-158.516773,500,3209.876866,1.9852730719672131,False,0.1766633067622021,0.0,False
96.993971,128,3210.136774,1.734077006746349,True,0.04071230942914932,0.0,False
127.002311,105,3210.323908,0.5915957453955313,True,0.04807826815235705,0.0,False
-129.883033,500,3211.253872,1.7037531408142703,False,0.12890926810949707,0.0,False
120.553673,86,3211.405879,0.7822268591497706,True,0.049755219763311126,0.0,False
-604.549714,500,3212.313409,2.4906122362799863,False,0.8148664298947378,0.0,False
-1000.143914,500,3216.094284,2.456958729197347,False,0.9726436668749598,0.0,False
-14.503517,153,3216.373226,3.2082700609668673,True,0.038557562043824815,0.0,False
128.679112,99,3216.561669,1.9237714572326254,True,0.03574031446618127,0.0,False
-54.735235,319,3217.141398,2.395432625077436,True,0.04968439204555836,0.0,False
-38.702244,254,3217.603283,1.8238667043985948,True,0.04973419034393251,0.0,False
103.077305,126,3217.833309,1.1696230243663108,True,0.04803021275535743,0.0,False
-139.539934,335,3218.407544,2.805827581588834,True,0.048771789766101366,0.0,False
70.801714,152,3218.677546,1.1205025466851075,True,0.04765530862997853,0.0,False
46.430891,127,3218.921672,2.749149832246947,True,0.03875093750866171,0.0,False
74.809343,106,3219.108341,2.168588896686523,True,0.049105663805913205,0.0,False
-355.216754,500,3222.915782,3.6303296900707274,False,0.3532846986795138,0.0,False
100.756665,124,3223.143817,0.8929015365942294,True,0.04711252859730348,0.0,False
-23.65885,153,3223.416747,2.719123734966819,True,0.04702828452625995,0.0,False
27.7083,212,3223.804204,1.707002461164029,True,0.04985389174980456,0.0,False
35.497771,134,3224.033899,2.98126851088324,True,0.04297110434974041,0.0,False
131.294772,98,3224.195343,0.7197026709093457,True,0.049753393512139504,0.0,False
101.665906,121,3224.413146,1.223120101605666,True,0.04063143374007568,0.0,False
-298.960112,478,3225.266623,3.9222924999628663,True,0.046221789882588384,0.0,False
0.860665,249,3225.715504,1.7627816886166008,True,0.04981074528128256,0.0,False
30.342316,213,3228.996891,1.556508281484684,True,0.04891864032263807,0.0,False
-432.7982,500,3229.910112,2.3336177381018475,False,0.7748997342998764,0.0,False
121.756704,119,3230.751019,0.8182541382123565,True,0.04868160571507691,0.0,False
23.517847,140,3231.004198,3.067599720437123,True,0.03837736975400932,0.0,False
93.718228,94,3231.174144,0.9523838829554253,True,0.046184766056565,0.0,False
69.47125,118,3231.384609,2.739420871948328,True,0.048791140071161976,0.0,False
80.411089,104,3231.567282,2.1455009817372215,True,0.0443224279436555,0.0,False
112.013586,84,3231.733272,1.0601680943967267,True,0.04974263744601073,0.0,False
74.197263,135,3231.956715,1.9279511685692765,True,0.04960759779179666,0.0,False
91.632475,95,3232.134457,1.2490814120561626,True,0.04963739047891095,0.0,False
84.97999,204,3232.492859,1.3086383119951663,True,0.049456800526004485,0.0,False
126.208098,107,3232.736733,0.-187.230712,500,3233.074533,4.161845311255264,False,0.17315803698301674,0.0,False
6013921666533,True,0.04427896977053251,0.0,False
462268258281,True,0.048532125436338606,0.0,False
-14.313224,144,3231.074812,3.292909855331364,True,0.048549591369633084,0.0,False
112.997774,110,3231.269646,1.9959208472068979,True,0.04856540965093566,0.0,False
120.399671,110,3231.468151,0.769064728344613,True,0.04992548108513369,0.0,False
31.992285,262,3231.928096,1.850955939856993,True,0.0499318410125231,0.0,False
-125.135986,317,3232.500694,2.564845222934643,True,0.04758992426329579,0.0,False
-28.223338,297,3233.101282,1.8959418599396574,True,0.04791148936403437,0.0,False
se
-532.213707,500,3216.241512,-1.7525865488411005,False,0.1558770717050086,0.0,False
-706.614516,500,3217.158185,2.3711818141394745,False,1.3259059964583542,0.0,False
-196.926372,500,3218.057314,2.9373050675645453,False,0.13656405797958696,0.0,False
21.891884,133,3218.285436,3.682495348300775,True,0.0426028325399373,0.0,False
-167.90925,500,3219.184813,3.351169634552015,False,0.1757548041250385,0.0,False
-618.943866,500,3222.997327,4.037775453224547,False,1.0653230561937592,0.0,False
33.847183,218,3223.384481,1.5208363225350292,True,0.048939449755843814,0.0,False
69.785028,213,3223.774762,2.046551985938981,True,0.048793558048912486,0.0,False
80.421019,173,3224.07572,1.076248980242154,True,0.04932916405014004,0.0,False
144.504569,99,3224.237761,1.7359884451814604,True,0.039838353933777645,0.0,False
-335.147138,500,3225.136615,2.3605636762513007,False,0.5686992140307016,0.0,False
107.40674,122,3225.359378,1.032768629275613,True,0.04804008716896992,0.0,False
-785.049062,500,3229.159781,2.0345293398062068,False,1.4965673010549183,0.0,False
-656.350287,500,3230.692004,2.0735467751473786,False,1.153694448001071,0.0,False
-513.086044,500,3231.590081,-2.895464573537658,False,0.07745108903017572,0.0,False
-55.259353,360,3232.236156,2.1694798871038916,True,0.0496052869941298,0.0,False
-478.767604,500,3233.207828,2.2746376822745145,False,0.8599645896625374,0.0,False
